Fund Family,2015,2016,2017,2018,2019,2020,2021,2022,2023,2024,% Market Share,% Market Share
BlackRock Asset Management Ireland Ltd,401019703919.0,438049332289.0,401151273431.0,737664857508.0,954126144285.0,1140219834910.0,1273604510260.0,1350563145340.0,1846265314783.0,2336209738234.0,0.16602193171785454,0.16602193171785454
Goldman Sachs Asset Management Fund Services Ltd,796491678198.0,691485630487.0,760274965686.0,844025016285.0,1159972190290.0,1159064290588.0,1039735011705.0,1419355844510.0,1538614062333.0,1531113495235.0,0.11096842661811251,0.11096842661811251
Allianz Global Investors GmbH,193318080565.0,178251663997.0,266280948000.0,425339096920.0,409085020820.0,456021202426.0,741267742933.0,700371524155.0,913454119789.0,1007599401788.0,0.06147196852533507,0.06147196852533507
Franklin Templeton International Services S.à r.l.,1078794153439.0,794244966369.0,796227105613.0,740737604633.0,731131857804.0,769554493784.0,848984310207.0,653021756567.0,812143623253.0,851166825259.0,0.05199403633613682,0.05199403633613682
Allan Gray Proprietary Limited,227369877985.0,252103441674.0,285510835691.0,288937479848.0,296791336129.0,286928269215.0,322330416411.0,334428245773.0,371470253323.0,397864622499.0,0.029998265351071612,0.029998265351071612
Ninety One SA (Pty) Limited,139570629011.0,168100888478.0,179157860597.0,180869581665.0,207748953651.0,266312573275.0,322946551589.0,317063655453.0,344716476892.0,365561406823.0,0.025494978774324786,0.025494978774324786
Goldman Sachs Asset Management B.V.,61220001699.0,73276234257.0,138664811841.0,162197869445.0,181508275607.0,289548466633.0,462144194376.0,316082159842.0,337947015834.0,382139305554.0,0.025091069571752573,0.025091069571752573
Coronation Asset Management (Pty) Ltd,231589985932.0,223911672284.0,244769491993.0,233272520227.0,252765918859.0,259207196290.0,288118523385.0,273253176117.0,293950705838.0,317338521279.0,0.023240067210045963,0.023240067210045963
Fundsmith LLP,104090468987.0,154138353708.0,225592068215.0,292316459614.0,354746646095.0,473490665545.0,639200363463.0,473173896280.0,568543762863.0,546475875937.0,0.02319601750863897,0.02319601750863897
STANLIB Asset Management (Pty) Limited,123539150027.0,131549406007.0,143033511288.0,165318271954.0,179292012928.0,210037902104.0,274683443199.0,261767166605.0,268989800188.0,301223518949.0,0.02104896816797982,0.02104896816797982
Nedgroup Investments,143792346882.0,164002427924.0,192339200486.0,183546627648.0,206447749911.0,239302390982.0,267316177526.0,251606106266.0,283332170596.0,295372126423.0,0.020368691231833057,0.020368691231833057
Ninety One Luxembourg S.A.,98113770088.0,102000600381.0,46862257053.0,139932463243.0,200618405242.0,261909590611.0,325373383611.0,283106618211.0,326133496859.0,331414904426.0,0.02023916555444363,0.02023916555444363
Fidelity (FIL Inv Mgmt (Lux) S.A.),336559184999.0,270959291477.0,271752740225.0,254788541772.0,270605649679.0,277913105867.0,310930148287.0,259020741136.0,286767017397.0,293158265678.0,0.018482125890003816,0.018482125890003816
Schroder Investment Management (Europe) S.A.,49524573842.0,54729684975.0,55476546618.0,64089640944.0,71670559572.0,81717994227.0,141325971873.0,132736848198.0,194121543607.0,254355030564.0,0.016848140580293245,0.016848140580293245
PSG Collective Investments,58712345067.0,66515016530.0,82696778596.0,92610330732.0,98634548445.0,100769114806.0,130793609849.0,138514321400.0,164594052760.0,191180288175.0,0.014930520283623298,0.014930520283623298
MandG Investment Managers (Pty) Ltd,79769372951.0,89665029505.0,126589471036.0,123134555010.0,131166478983.0,120638009799.0,141810750733.0,159196691516.0,185375803384.0,184068020150.0,0.013060849397078338,0.013060849397078338
"FIL Investment Management (Luxembourg) S.A., Ireland Branch",80431772807.0,88399977710.0,90906992123.0,125347467990.0,138991779605.0,168394640407.0,196814322343.0,151964660785.0,191719021741.0,215259496343.0,0.013056862173591643,0.013056862173591643
Dodge & Cox,36501618963.0,41739511315.0,55375324047.0,84511906640.0,116362540497.0,103762597833.0,162559468968.0,143745956073.0,173475625649.0,192965356429.0,0.012294886657322463,0.012294886657322463
Old Mutual Investment Group (Pty) Limited,70862066699.0,75043187889.0,83457129565.0,82498208474.0,94367428643.0,108808246302.0,128402478786.0,123218663389.0,127050246368.0,143860713718.0,0.010089721460489696,0.010089721460489696
Sanlam Investment Management (Pty) Limited,72761865613.0,85377851160.0,99226054854.0,103541167419.0,112339249741.0,115348642831.0,137851292062.0,131818687745.0,128045355670.0,135122985032.0,0.009986981809169394,0.009986981809169394
Investec Investment Management (Pty) Ltd,19610940509.0,21196920054.0,27941462880.0,32677200022.0,41137514608.0,53880782495.0,81073416337.0,83099128266.0,107762141767.0,125890107385.0,0.009640769258877312,0.009640769258877312
SEI Investments Global Limited,54244150197.0,50900906796.0,57138724203.0,78008178147.0,83128011494.0,75794134320.0,80866920075.0,71941074002.0,91745144190.0,116517003967.0,0.009622774775814963,0.009622774775814963
T. Rowe Price (Luxembourg) Management S.à r.l.,64528112606.0,67945119584.0,95108658121.0,115639239748.0,134550610685.0,212123049037.0,260052055513.0,155507621794.0,169694235057.0,210084505363.0,0.00939446455270764,0.00939446455270764
Guinness Asset Management Limited,2989796962.0,4778388007.0,6985025993.0,11232279501.0,22266282405.0,40631500712.0,69732485187.0,92520706345.0,138982005013.0,158709721033.0,0.008801142496416295,0.008801142496416295
Guinness Asset Management Limited,26434946843.0,41026475350.0,44962246888.0,51713456897.0,58497393142.0,70021497153.0,91958865318.0,75589299796.0,106722966744.0,138938613404.0,0.00865636411969162,0.00865636411969162
Baillie Gifford Investment Management (Europe) Limited,10019493433.0,10348198440.0,12295171840.0,15331712544.0,22181889860.0,75005511786.0,150934489727.0,112621137502.0,134584940301.0,138042128484.0,0.007844700202256276,0.007844700202256276
Fundsmith Investment Services Limited,9982534106.0,13977968771.0,23257654522.0,33481145307.0,65700392584.0,102399817417.0,170853014103.0,149621966489.0,173713858472.0,170567160887.0,0.007539929822856239,0.007539929822856239
BlackRock (Luxembourg) SA,72030445850.0,72533113720.0,82115283510.0,75399332938.0,89339132736.0,89532291663.0,100981721972.0,87764696356.0,102244635105.0,119311736307.0,0.007267991295697043,0.007267991295697043
Discovery Life Investment Services (Pty) Ltd,25890715876.0,31182638473.0,39229992015.0,42137096519.0,54727979358.0,60106687119.0,78962335616.0,80608436940.0,88294929090.0,94484886142.0,0.0069143674750421725,0.0069143674750421725
Bank Julius Bär & Co. AG,13636562759.0,18395138748.0,20162521986.0,25409793552.0,31790174842.0,46713146990.0,75654681722.0,65430025498.0,88438895778.0,109175663726.0,0.006498787790825837,0.006498787790825837
"Sands Capital Management, LLC",31511565306.0,23935189281.0,33919337807.0,42647008549.0,60716057100.0,110306298550.0,150316948507.0,88437863988.0,114234366579.0,119916484260.0,0.0061256085366643625,0.0061256085366643625
Nedgroup Investments (IOM) Ltd,39735043198.0,42457847201.0,48507228093.0,47221844839.0,55013584868.0,64077726118.0,80947839430.0,78602958979.0,94739411390.0,104966036065.0,0.0060793778399441155,0.0060793778399441155
STANLIB Fund Managers Jersey Limited,64913314851.0,59798742857.0,64248864674.0,55788263286.0,62209129517.0,67266510373.0,86138977466.0,71621885778.0,81630872543.0,95882548858.0,0.00598289067874777,0.00598289067874777
Sanlam Multi Managers International (Pty) Ltd,25448838334.0,39889164597.0,68600341112.0,64208561297.0,63783922878.0,63104556877.0,66335340206.0,63713570960.0,65197845627.0,73184927027.0,0.005982781147577751,0.005982781147577751
Ashburton Fund Managers ( Pty) Ltd,9888084549.0,10975282398.0,10171932623.0,16787789697.0,25242989099.0,32004304009.0,38570747953.0,44361514704.0,58610500355.0,66813339664.0,0.005338067348764613,0.005338067348764613
Prescient Investment Management (Pty) Limited,10137604083.0,17446717907.0,28231136394.0,28362764751.0,36747591596.0,41115099840.0,42833673135.0,53335774889.0,60773060458.0,69339040875.0,0.005336088427308577,0.005336088427308577
Satrix Managers (Pty) Limited,4376307469.0,5355240472.0,8500909695.0,13916974745.0,20372916012.0,23745786650.0,37351683179.0,40078530200.0,46369598015.0,63812090051.0,0.005295213353039426,0.005295213353039426
PPS Management Company (Pty) Ltd,16553825320.0,19401093676.0,21931766464.0,24349691965.0,29272959077.0,33934214079.0,41946583140.0,50725044740.0,59981910449.0,68211898096.0,0.005053724225706251,0.005053724225706251
Fairtree Asset Management (Pty) Ltd.,3029154578.0,5046146581.0,9914037286.0,15284998590.0,26766604978.0,32099054051.0,42110046809.0,39967198136.0,44482496514.0,60524248026.0,0.005053015951787944,0.005053015951787944
Amplify Investment Partners (Pty) Ltd,4305648565.0,6116108531.0,9165451690.0,8710281674.0,11058560588.0,17860564832.0,27665833852.0,35506401190.0,47289954938.0,59964094709.0,0.004909551694304579,0.004909551694304579
M&G Securities Ltd,92541916501.0,71672850465.0,65343796725.0,60974424524.0,62086516172.0,60994313061.0,71980556362.0,65969464693.0,73198290146.0,70147534279.0,0.004469792780169229,0.004469792780169229
GQG Partners LLC,,,3093363747.0,4540756944.0,12082656100.0,23720186425.0,30399579806.0,30609011143.0,51859267712.0,72623228271.0,0.004416200144157355,0.004416200144157355
Symmetry,50399175996.0,50071351569.0,55597863185.0,49985851295.0,48778443832.0,46688985143.0,53527824087.0,48344681113.0,49242321276.0,63455145291.0,0.004337399847179319,0.004337399847179319
PSG Fund Management (Malta) Limited,1915210468.0,1511034330.0,1971521214.0,1991251334.0,1822972638.0,1706857573.0,47680933178.0,42688550416.0,54504968999.0,65237372445.0,0.0042915618378259815,0.0042915618378259815
Sanlam Asset Management (Ireland) Limited,22639860532.0,20607382262.0,27787686282.0,40458455355.0,60699782120.0,64985803178.0,79579033567.0,69710296354.0,68802980256.0,65623153739.0,0.0038825784494374584,0.0038825784494374584
Peregrine Guernsey Limited,10245064906.0,8199083810.0,11260093878.0,15414677158.0,26041250528.0,29723672692.0,38825033458.0,36076230023.0,45559688268.0,55123915397.0,0.0036587956655639237,0.0036587956655639237
PortfolioMetrix,5377117231.0,7612011180.0,10305302236.0,11316471602.0,13948117912.0,16130599427.0,22683990253.0,28397839032.0,33818307943.0,41824017687.0,0.0034834940853472446,0.0034834940853472446
Foord Asset Management (Pty) Ltd,80953093247.0,78638088220.0,75179228240.0,56003566599.0,48667148629.0,47618973863.0,50130807182.0,46709449905.0,49354522136.0,50038124529.0,0.0034145131048694357,0.0034145131048694357
Momentum Multi-Manager (Pty) Ltd,16037960813.0,15582448752.0,25713944718.0,29124946579.0,32867441406.0,37424926436.0,46351113531.0,46309366325.0,37152332080.0,43360029179.0,0.0032989448762926537,0.0032989448762926537
10X Investments (Pty) Ltd,,963847.0,110823021.0,540328234.0,11632472248.0,16477350379.0,24952462547.0,30197064525.0,38062250345.0,44969688308.0,0.0032969807866893705,0.0032969807866893705
1nvest Fund Managers (Pty) Ltd,2198514445.0,1794708924.0,2375921875.0,2040676316.0,4934826193.0,7489854427.0,16572480084.0,19990668237.0,23968310432.0,31492715689.0,0.0031678714250946843,0.0031678714250946843
Orbis Investment Management Limited,134880548092.0,121998518345.0,117335216565.0,100137578042.0,99143015000.0,44756797559.0,42860727454.0,40700028166.0,48020849809.0,45850635977.0,0.003120544768060866,0.003120544768060866
Premier Portfolio Managers Limited,7908448125.0,4602735696.0,4401256236.0,13763057442.0,14231057753.0,17414034653.0,23689850946.0,24652672772.0,32678106888.0,35661167685.0,0.0026019681691097094,0.0026019681691097094
Sygnia Asset Management (Pty) Ltd,5336272533.0,7010836016.0,8757812673.0,8781050095.0,10658384932.0,14904413614.0,23744420085.0,23323568965.0,27908752551.0,33086458806.0,0.0025552848224086227,0.0025552848224086227
36ONE Asset Management (Pty) Ltd,6047431851.0,6077324581.0,5520586435.0,5088653543.0,4969078070.0,7301009097.0,11107796242.0,12815126229.0,15490460838.0,21739183164.0,0.0024272488952542864,0.0024272488952542864
Anchor Capital (Pty) Limited,2746153160.0,3381137293.0,6793181453.0,6605940816.0,10113632738.0,16186778368.0,20155374263.0,19846988902.0,23592888577.0,29360709117.0,0.0024147523989853123,0.0024147523989853123
Ninety One Fund Managers SA (RF) (Pty) Ltd,9967368533.0,12586108058.0,11824303666.0,9336077770.0,11572460925.0,15387025292.0,19576142471.0,21973304023.0,25625368725.0,32445957073.0,0.002387689014008365,0.002387689014008365
Abax Investments Proprietary Limited,5736954650.0,6170694826.0,12799674963.0,14003041777.0,15776481989.0,18623450226.0,21880576050.0,20800009035.0,24350816608.0,28411609174.0,0.002267078374934481,0.002267078374934481
Allan Gray Australia Pty Ltd,9706671228.0,12862829632.0,17516538506.0,19828807755.0,23512584165.0,27316414184.0,32072705039.0,33046900811.0,37086119566.0,36428661616.0,0.0022554195714793064,0.0022554195714793064
Contrarius Investment Management Ltd,21758328770.0,23567433761.0,28946526511.0,27687305275.0,30442900553.0,26134483150.0,30256065410.0,30652181063.0,34431765044.0,30938484645.0,0.0022457902617437487,0.0022457902617437487
Russell Investments Limited,1321334987.0,1962431216.0,5975537071.0,7225151815.0,8638972019.0,11135154579.0,15363687449.0,12662599214.0,15309633512.0,21101342164.0,0.002231656246667292,0.002231656246667292
Stonehage Fleming Investment Management Limited,4510272674.0,6717190342.0,9603726191.0,11560832980.0,17262228873.0,28997645508.0,42813922355.0,34000575797.0,46964254287.0,46025408629.0,0.002224527678623126,0.002224527678623126
Ranmore Fund Management LTD,1942958476.0,1751440214.0,1255843032.0,1343946300.0,2001925653.0,1498253468.0,1876616825.0,426008416.0,2698747128.0,8190959545.0,0.002222705342776543,0.002222705342776543
Coronation Global Fund Managers (Ireland) Limited,37494939192.0,34340173187.0,38722897691.0,37142750544.0,40762457997.0,50093743991.0,52287272801.0,35021949464.0,30213898117.0,33602654480.0,0.002183479862214458,0.002183479862214458
Truffle Asset Management,6353830515.0,8056121604.0,8465209824.0,6775139769.0,8169795609.0,9878203391.0,13304496431.0,15979286779.0,19971052167.0,23686082263.0,0.002109597459781038,0.002109597459781038
"Virtus Investment Advisers, LLC",28938254353.0,16466825914.0,9234887536.0,11088190126.0,11993276641.0,18550379136.0,21955517266.0,15235703224.0,27911122385.0,35663516244.0,0.002108601071003281,0.002108601071003281
Camissa Asset Management (Pty) Limited,2021498544.0,2060329664.0,2703931933.0,3250334722.0,7126435778.0,8434596431.0,13824423110.0,17505131667.0,20199641027.0,23926418770.0,0.0020474885818872594,0.0020474885818872594
Foord Asset Management (Guernsey) Limited,45432285782.0,41163763297.0,34814869782.0,30599334749.0,30600447430.0,30181393926.0,32581897983.0,33494656981.0,32836421540.0,31213241809.0,0.0020119676758832816,0.0020119676758832816
Momentum Asset Management,13326682570.0,12394481594.0,22693194433.0,20554126494.0,18471256375.0,17214475358.0,18427636160.0,18759028768.0,21298831944.0,21502334135.0,0.001979481310565792,0.001979481310565792
Cogence (Pty) Ltd,,1362922786.0,1502948404.0,1616890832.0,1801029375.0,2339782796.0,5105325595.0,8072834461.0,12330727263.0,19171860743.0,0.0018902817601609639,0.0018902817601609639
Seilern International AG,4325833823.0,5192492397.0,7727093797.0,14470126387.0,24121403509.0,39809682133.0,59290951423.0,38847994364.0,55492662631.0,46302374380.0,0.0018177668593867637,0.0018177668593867637
PineBridge Investments Ireland Ltd,,3161508780.0,6304055180.0,9046468532.0,13948579465.0,25876336567.0,37131214653.0,21516812449.0,25221355819.0,21046238490.0,0.0017366308332010553,0.0017366308332010553
Landseer Asset Management UK LLP,,,,,,,,12089005299.0,21186587454.0,29676991182.0,0.001683973285013388,0.001683973285013388
H4 Collective Investments (RF) (Pty)Ltd,1676784032.0,2209406852.0,2702211992.0,3348673621.0,5186759412.0,6584301932.0,11137550606.0,12389444161.0,15352187302.0,19980789226.0,0.0016095477325844866,0.0016095477325844866
Curate Investments (Pty) Ltd,6661606298.0,6196014713.0,8415790268.0,8990159582.0,13680482287.0,16270796148.0,17700188023.0,17449190653.0,18190130595.0,19977111084.0,0.0015449446496270571,0.0015449446496270571
Colchester Global Investors Ltd,15615809785.0,12145717977.0,11489783896.0,13692513734.0,26238840921.0,31608331219.0,30051433629.0,23211820880.0,26841788254.0,26757743322.0,0.0015239414689222324,0.0015239414689222324
Sasfin Asset Managers (Pty) Ltd,1791136113.0,2489109306.0,3850491891.0,4673883517.0,8656802276.0,14105187105.0,19397147564.0,22721915306.0,19075111634.0,19746406898.0,0.0014883929121052505,0.0014883929121052505
Ci Global Fund Managers ICC Ltd,1679940943.0,1429846879.0,1467939222.0,2449230101.0,4946040555.0,7725302647.0,12111929205.0,12348996648.0,15056686879.0,19986150537.0,0.0014736721160410597,0.0014736721160410597
Marriott Asset Management (Pty) Ltd,14939990114.0,14707267653.0,15320360585.0,15563443998.0,18426839001.0,23615869758.0,24989768760.0,22655596383.0,22710401517.0,22679425950.0,0.001470298261591178,0.001470298261591178
Pzena Investment Management Europe Limited,5072635002.0,5270423015.0,5412926747.0,7762748872.0,9906646943.0,14301372920.0,12898281109.0,9903136892.0,17081459740.0,19528353117.0,0.0014469324405191476,0.0014469324405191476
Sarasin Funds Management (Ireland) Ltd.,15681600366.0,12674032364.0,14496235809.0,14777889879.0,21142453143.0,24474522995.0,31202060585.0,27329305888.0,27487536689.0,27135478532.0,0.0014178330564859369,0.0014178330564859369
Jupiter Asset Management (Europe) Limited,2330794415.0,2411576510.0,4879129966.0,5070374105.0,4381793500.0,3067812605.0,3659169050.0,3132961294.0,3653678090.0,7668612507.0,0.0014068739128319195,0.0014068739128319195
Citadel Investment Services (Pty) Ltd,6017204115.0,7626771955.0,9589773924.0,10678529407.0,16476871286.0,16840448318.0,17238110359.0,17204893747.0,18544452230.0,20819044813.0,0.0013884488357288997,0.0013884488357288997
Orbis Investment Management (Luxembourg) S.A.,1750991500.0,2502525000.0,4184440000.0,5696460000.0,6026888500.0,7775562962.0,9484262733.0,10566748916.0,13192344079.0,16162642468.0,0.0013218966765344716,0.0013218966765344716
Ninety One Guernsey Limited,4158064142.0,4169907930.0,4148446855.0,4038393730.0,4769046426.0,6166199203.0,8188076311.0,7838868858.0,12602609343.0,17064006923.0,0.0012119897269171577,0.0012119897269171577
Granate Asset Management (Pty) Ltd,,75052321.0,283353704.0,323789978.0,486714799.0,1223576036.0,2913947080.0,5265384278.0,9376235753.0,13856439376.0,0.0012018823342148906,0.0012018823342148906
Aikya Investment Management Ltd,,,,,,716058463.0,1720522200.0,6390603802.0,12789505764.0,16868193235.0,0.0010606371815754983,0.0010606371815754983
Arcus Investment Limited,8598128905.0,4108336516.0,4022570618.0,2857576679.0,2729780490.0,2246614375.0,2824507575.0,3486514825.0,10919008362.0,15771866013.0,0.0010202948893094014,0.0010202948893094014
Oasis Crescent Management Co,16911067547.0,16795598958.0,14945455623.0,14692138527.0,14409081783.0,14440177019.0,16255817708.0,14438358318.0,14349197623.0,14326806826.0,0.0010173258400017352,0.0010173258400017352
SEI Investments Canada Company,12979069242.0,12178094718.0,13509317179.0,18674008826.0,20511439075.0,20414532006.0,25462583280.0,20886857494.0,22817578808.0,16207625074.0,0.0009889251135732267,0.0009889251135732267
Canaccord Genuity Wealth (Intl) Ltd,3799419336.0,3978920499.0,4878627473.0,8594797190.0,9836289771.0,11514104091.0,13969989948.0,12440522903.0,14470303881.0,15914158239.0,0.0009568969076727636,0.0009568969076727636
Equilibrium Investment Management (Pty) Ltd,2376452871.0,2837121991.0,9856244447.0,9397058663.0,9489073739.0,8785556997.0,9301473879.0,11338807117.0,11874452549.0,12777536898.0,0.000954421873724455,0.000954421873724455
Bateleur Capital (Pty) Ltd,777317414.0,1176218139.0,1558905762.0,1515751573.0,1798466818.0,2342909582.0,3921018679.0,5866461244.0,9143026911.0,11544341520.0,0.0009351404730145683,0.0009351404730145683
STANLIB Collective Investments (RF) (Pty) Limited,,,,,,,,1743043895.0,2548955032.0,8036265668.0,0.000923336719389084,0.000923336719389084
FNB CIS Manco (Proprietary) Ltd,2400907641.0,2715673718.0,5150003289.0,4697310941.0,4470842643.0,4606745636.0,7370971583.0,8729853754.0,9525445745.0,10706184351.0,0.0009011610510573474,0.0009011610510573474
Hollard Investment Managers,1181109318.0,2017232263.0,2474944663.0,3541930803.0,4260407604.0,4378097507.0,6153256996.0,6406107797.0,6421367707.0,11141279529.0,0.0008767383424896692,0.0008767383424896692
Personal Trust Intl Mgmt Co,6109550225.0,6206840068.0,6898619693.0,6650153441.0,6923457298.0,7213977900.0,8860699939.0,9136771122.0,10150679387.0,11168270503.0,0.0008407723860853968,0.0008407723860853968
Matrix Fund Managers,1325050117.0,1410698044.0,2012266284.0,2359961632.0,2758507289.0,4956369224.0,7036169336.0,8195649508.0,12506294059.0,9531512257.0,0.0008344875782422774,0.0008344875782422774
Professional Provident Society Multi - Managers Proprietary Limited,,,,,1481298779.0,3711734359.0,5055421258.0,6387735040.0,10725653203.0,11764078056.0,0.0008186285122756543,0.0008186285122756543
Aylett & Company (Pty) Ltd,775134993.0,836779526.0,1050588729.0,1789127615.0,2819709895.0,3153986293.0,6295479080.0,8218391463.0,9567585582.0,11304976784.0,0.000811533657709743,0.000811533657709743
Centaur Asset Management (Pty) Ltd,2518386104.0,2602894393.0,3920680716.0,4435756350.0,4609799444.0,4430020540.0,6207764300.0,6292014173.0,7731793297.0,10827852590.0,0.0008017012012794502,0.0008017012012794502
Laurium Capital (Pty) Ltd,5336132719.0,4782406177.0,5187929115.0,4714721833.0,4849192533.0,4802572570.0,7275429819.0,7620360627.0,10970016081.0,10205569263.0,0.0007900863538157808,0.0007900863538157808
Alexander Forbes Investment Ltd,3901448957.0,4456868529.0,5116658805.0,5874690570.0,5969608966.0,4980580117.0,7794557961.0,7158538098.0,7844635604.0,11024924117.0,0.000776165708114926,0.000776165708114926
UBS Asset Management (Europe) S.A.,2510243953.0,2337798475.0,6868457939.0,7069991522.0,9337160401.0,13337845263.0,17271262677.0,11407039705.0,9762930125.0,10167948552.0,0.0007065732911559143,0.0007065732911559143
PWM Wealth Management (Pty) Ltd,,79665817.0,79829143.0,96006997.0,101187796.0,96655277.0,531799971.0,2307346900.0,3743119006.0,6975657204.0,0.0006769594474719311,0.0006769594474719311
SIS Management Company Limited,20390183603.0,20618709332.0,19162420861.0,15339230525.0,14476811470.0,12441367897.0,17183981754.0,14599636999.0,14903654601.0,8515102413.0,0.0006346025243782254,0.0006346025243782254
Glacier Management Company,2629003106.0,2809138578.0,2935772022.0,3473382494.0,3933346924.0,4978069061.0,5609653169.0,7231169894.0,8878561685.0,10141977272.0,0.0006209619306969747,0.0006209619306969747
STANLIB Multi-Manager,1125161603.0,660033405.0,722100110.0,809727231.0,1002918857.0,1141603344.0,1704095825.0,1420143948.0,4395815778.0,7147064424.0,0.0006091261212657115,0.0006091261212657115
Credo Capital Limited,,,966892827.0,1529929328.0,2618916014.0,3663641572.0,5363361127.0,5148033383.0,6368670607.0,7587797169.0,0.0005979906012350876,0.0005979906012350876
WealthStrat (Pty) Ltd,,,,,,,,1733512283.0,4695460595.0,6642549437.0,0.0005935752256093119,0.0005935752256093119
ALUWANI Capital Partners,654740228.0,991321540.0,1023606864.0,1499188260.0,1840845472.0,2439427861.0,1944589490.0,2414975045.0,4512006461.0,6412326258.0,0.0005917351016256082,0.0005917351016256082
NFB Asset Management (Pty) Limited,521684362.0,847062962.0,1324563651.0,1874130465.0,3678870396.0,3844160591.0,4501502188.0,4737820969.0,6233478208.0,7571356935.0,0.000590799485567437,0.000590799485567437
GinsGlobal Inv Mgmt ( Mauritius) Ltd,5882868893.0,6440685408.0,7259585592.0,7257607293.0,5202299900.0,5279251902.0,6579147222.0,7455822159.0,7220114319.0,9660565796.0,0.000579565708604716,0.000579565708604716
Momentum,,,,,,,,4953663953.0,5571017684.0,6150123222.0,0.0005608689234381051,0.0005608689234381051
Apex Investment Consulting SA (Pty) Ltd,5735859616.0,4812587764.0,4060324103.0,2842031633.0,4027011964.0,3729958813.0,4181998173.0,7112575198.0,6531055731.0,8127142544.0,0.0005529860588867866,0.0005529860588867866
Instit (Pty) Ltd,225632665.0,259262154.0,357628014.0,1767544702.0,3000284038.0,4257332349.0,5429751138.0,5696749708.0,6979746307.0,8142341741.0,0.000551771287862353,0.000551771287862353
Taquanta Asset Managers,325159481.0,441393254.0,509612741.0,609640573.0,784164753.0,1748449989.0,2298398740.0,4241598952.0,5196588292.0,8451500905.0,0.0005400126321329543,0.0005400126321329543
Lindsell Train Ltd,12043382493.0,12376660283.0,17710376138.0,19741413241.0,30371229479.0,35457316693.0,33379618945.0,27674057921.0,25548699911.0,21138194522.0,0.0005393448092258358,0.0005393448092258358
Ashburton (Jersey) Limited,9582190603.0,7131134242.0,6627119050.0,5545044503.0,6297488544.0,6951442808.0,6575161133.0,6197795823.0,6926816205.0,9459952380.0,0.0005282475664512307,0.0005282475664512307
Oasis Crescent Wealth (UK) Limited,,,,,,6817275264.0,8191809623.0,6681744010.0,7494161627.0,7610866491.0,0.0005138250404342909,0.0005138250404342909
Visio Fund Management (Pty) Ltd,2335571010.0,2097269459.0,2609107496.0,2369130075.0,2340097752.0,2413158362.0,4229429232.0,5012732756.0,5304780629.0,6141692809.0,0.0004961791941185435,0.0004961791941185435
Grant Thornton Capital (GTC),5106682950.0,5553726330.0,6915535653.0,6837303964.0,5153176633.0,5636018726.0,6088395847.0,6229075314.0,6629721911.0,6587416763.0,0.0004885827692513322,0.0004885827692513322
Skyblue Fund Managers,,,,,,455914054.0,609931876.0,1899821705.0,3132271622.0,6355407458.0,0.0004814569907735907,0.0004814569907735907
FG Asset Management Ltd,3278604509.0,3559008780.0,4086523165.0,3616350546.0,4001666340.0,4225446225.0,5091723047.0,5110933393.0,6210591584.0,6840285642.0,0.0004792271538398111,0.0004792271538398111
Adviceworx (Pty) Ltd,1348841225.0,2145620336.0,2776823458.0,3312683146.0,3747966493.0,4190720491.0,5540968481.0,6104134500.0,6710452298.0,7027580183.0,0.0004785391447141055,0.0004785391447141055
IP Fund Managers Guernsey Limited,1677441550.0,1833414810.0,1955701628.0,1616369172.0,2644124702.0,3739754469.0,4945550126.0,4473034263.0,6068768387.0,6860653168.0,0.00047698265624137676,0.00047698265624137676
Vunani Fund Managers (Pty) Ltd,348660584.0,351388029.0,406455801.0,581630915.0,2100331145.0,6639492429.0,9446637153.0,12516214616.0,16519409632.0,8963131138.0,0.0004724433011448331,0.0004724433011448331
Vulcan Value Partners,18022664996.0,19815171828.0,25446481270.0,23826894067.0,34067149406.0,34235430653.0,34374199773.0,8004146746.0,8132439376.0,7991126505.0,0.00046580036672804294,0.00046580036672804294
Portfolio Analytics Consulting (Pty) Ltd,2966051595.0,3667258109.0,3658059391.0,3683615446.0,1504557064.0,2454648843.0,6040187478.0,6231649480.0,6356538544.0,6746970793.0,0.0004630010904316977,0.0004630010904316977
Optimum Investment Group (Pty) Ltd,931783073.0,1204276062.0,1594473471.0,2207583002.0,3457122544.0,4045730021.0,5027334251.0,5282527782.0,5743620605.0,6137039228.0,0.000457482542996925,0.000457482542996925
Marathon Asset Management Limited,,,,,3463485745.0,3962786086.0,5236021315.0,4747222381.0,5166792465.0,7827735503.0,0.0004397840734972852,0.0004397840734972852
3B Asset Management,2268455985.0,2261279105.0,2660314014.0,2441846432.0,3107653808.0,3666833859.0,4439984408.0,4543345895.0,4920705049.0,5385310156.0,0.0004372572590210307,0.0004372572590210307
Ampersand Asset Management,4553816077.0,4573404553.0,4813871827.0,4488795144.0,4026289416.0,3337938440.0,4354251902.0,3958021467.0,4616955091.0,5649426836.0,0.00043175109108606997,0.00043175109108606997
Itransact Fund Managers,94169318.0,71564080.0,55371729.0,44348320.0,3522167701.0,4289465681.0,5018980640.0,5330982263.0,6078138746.0,5939090494.0,0.0004305535474774586,0.0004305535474774586
Rubrics Asset Management,8674574756.0,8598075339.0,10137380998.0,10643573902.0,11957464272.0,14158713372.0,13936639511.0,10507868525.0,10494199495.0,8545257276.0,0.0004293311604399327,0.0004293311604399327
Momentum Global Investment Mgmt Ltd,7773797309.0,6376154750.0,7246647748.0,7119346772.0,7871913935.0,5366121684.0,6514326322.0,5204262850.0,5999035880.0,6350829261.0,0.00039627331749451526,0.00039627331749451526
Ashmore Investment Management (Ireland) Limited,3409459399.0,820345717.0,1026009645.0,1441126411.0,2018102117.0,1370837110.0,1937394229.0,1337350565.0,1867129883.0,5684943745.0,0.0003930414211063656,0.0003930414211063656
Graviton Financial Partners,1714422173.0,2631917460.0,2717881481.0,2577084828.0,2607337191.0,2665970332.0,2462521004.0,3717516693.0,7797368048.0,6050025652.0,0.00038916236274769416,0.00038916236274769416
Select Manager (Pty) Ltd,2539151612.0,2401264978.0,3483496154.0,3194085466.0,4064245710.0,4159385167.0,4810622099.0,4673585941.0,4883046191.0,5666187137.0,0.0003866294845988299,0.0003866294845988299
abrdn Investments Luxembourg S.A.,61881278101.0,46680985250.0,34686915711.0,19891823766.0,16262148785.0,15651280548.0,15262832661.0,7682929600.0,8030260351.0,7462419868.0,0.0003848382280492295,0.0003848382280492295
PortfolioMetrix Asset Management Ltd.,,,,,1152081642.0,3547473576.0,4687935218.0,4097015745.0,4636920141.0,5523682555.0,0.00038258420032935824,0.00038258420032935824
FOORD ASSET MANAGEMENT,10129408350.0,8585165000.0,7984502169.0,6697407297.0,6789048484.0,6398928127.0,6477868436.0,6461282463.0,6387147167.0,5692311745.0,0.0003816332303545429,0.0003816332303545429
Cadiz Asset Management,2358622143.0,1717877248.0,2199135032.0,2522158376.0,2893777554.0,2863665159.0,3147712386.0,3563927176.0,4431071861.0,4983750532.0,0.00037784687491613925,0.00037784687491613925
Denker Capital,3475049724.0,3122661639.0,2908767434.0,2302705500.0,2330360753.0,2085400315.0,2579509811.0,2931455327.0,3501989787.0,4543767714.0,0.0003755136590066379,0.0003755136590066379
MiPlan Proprietary Limited,1606126491.0,1535863537.0,1903750289.0,2440370026.0,3399834047.0,3571512968.0,4836990921.0,3872657383.0,4961577739.0,5893401565.0,0.00036563294528709953,0.00036563294528709953
Methodical Investment Management,844120998.0,765806958.0,818658059.0,1519369336.0,1804960551.0,3054154032.0,3738892766.0,3351884345.0,3941238597.0,4445607974.0,0.0003652505680524265,0.0003652505680524265
Sesfikile Capital,557477106.0,1210474375.0,1843029511.0,2206156190.0,2601489741.0,2686421770.0,3906074264.0,3965836429.0,4013575937.0,4101809835.0,0.000363121246738885,0.000363121246738885
Sarasin Investment Funds Ltd,695644374.0,891520795.0,918146799.0,859314784.0,1381384361.0,4892685823.0,7797382304.0,7315548436.0,8552504216.0,9088858827.0,0.0003618488579808293,0.0003618488579808293
STANLIB Lesotho,1323066684.0,1682732214.0,1832305388.0,2150501324.0,2229138329.0,2499312681.0,2948063031.0,2986262099.0,3333560544.0,4653015998.0,0.00036108783294401395,0.00036108783294401395
Melville Douglas Investment Management,1216342079.0,1482375668.0,1742978831.0,2289928062.0,2738511126.0,3906537308.0,4756344133.0,4703566042.0,4875736388.0,5241595957.0,0.0003481236394554628,0.0003481236394554628
New Road Capital,,,,,,1160841274.0,1967254858.0,2239888151.0,2852323349.0,3834845604.0,0.0003466700617882811,0.0003466700617882811
All Weather Capital,727687878.0,1085760778.0,1726989272.0,1278657421.0,1155468088.0,1544293843.0,2433056934.0,3460670527.0,4386690823.0,7282923493.0,0.00034352264442900725,0.00034352264442900725
Excalibur Portfolio Managers,,5038594.0,1719035155.0,2129368555.0,2587713707.0,2892324407.0,3642072390.0,3550428336.0,4250290468.0,4740140998.0,0.000335949977246404,0.000335949977246404
Canaccord Genuity Wealth Management,2508593172.0,2566645412.0,2775517621.0,6535282815.0,6681766194.0,7136424742.0,8427744316.0,6684127448.0,6612065507.0,6023960177.0,0.00033062173645453366,0.00033062173645453366
Gryphon Asset Management (Pty) Ltd,1496437205.0,2107375055.0,2484045269.0,2267462742.0,3050319306.0,3599145352.0,3028934367.0,3525248684.0,5030126318.0,5369419817.0,0.00032931291692981957,0.00032931291692981957
Kruger International,247854726.0,296801798.0,323751539.0,1161017376.0,1719600287.0,2158534728.0,2578886322.0,2666897405.0,2927407355.0,4610974129.0,0.00032708114435539294,0.00032708114435539294
Stonehage Fleming Investment Management (South Africa) (Pty) Ltd,3057201659.0,3134417626.0,3309161421.0,2687518030.0,2752679525.0,2993522313.0,3798624472.0,3069261666.0,5763692832.0,5224418111.0,0.0003263945440214879,0.0003263945440214879
Portfolio Bureau Investments,2296104701.0,2556222815.0,2894185028.0,2968486846.0,3211766682.0,2967711852.0,3429451726.0,3382728975.0,3761060390.0,4135126414.0,0.00031627325889185386,0.00031627325889185386
Wealth Associates Asset Management,,823433773.0,1042415614.0,1185844764.0,1401565813.0,2553624454.0,3159130762.0,3225256581.0,3618867970.0,4136165017.0,0.0003125767304892048,0.0003125767304892048
Fussell Asset Management (Pty) Ltd,,,,,385009117.0,410323237.0,1038826520.0,1131940028.0,3277978684.0,3946069065.0,0.0003052255278834617,0.0003052255278834617
Chrome Wealth Strategy Solutions (Pty) Ltd,,,23014496.0,496243755.0,1060909709.0,1738647277.0,2425871157.0,2569278128.0,3116031257.0,3854842294.0,0.00029721200765142955,0.00029721200765142955
Roxburgh Asset Management,,1416526172.0,1536103413.0,1478018223.0,1604669813.0,1827978931.0,2474404477.0,2926746491.0,3327784783.0,3949461440.0,0.0002971047593461722,0.0002971047593461722
Merchant West Investments (Pty) Ltd,5435437577.0,6246620866.0,6697026607.0,6684107576.0,6456698468.0,5286805598.0,6226457045.0,5725399178.0,4932151175.0,4967247178.0,0.00029645529436370577,0.00029645529436370577
Allan Gray Bermuda Limited,5276467163.0,4624785704.0,6848614586.0,7420111667.0,6233017427.0,6181735451.0,4717530645.0,7888428128.0,8356984899.0,8320133338.0,0.00029116119977381393,0.00029116119977381393
ClucasGray Asset Management,715466366.0,803554051.0,895847769.0,1494341153.0,1763945014.0,1560054070.0,2144965655.0,2695974849.0,3142340747.0,3530004068.0,0.00028418497900131013,0.00028418497900131013
27four Investment Managers,2125065866.0,2299993444.0,2422311335.0,2371891767.0,2619278167.0,2849309835.0,4064503972.0,3521391180.0,4656061902.0,4103079691.0,0.0002800022442875968,0.0002800022442875968
Catalyst Fund Managers (Pty) Limited,2256747879.0,2035031358.0,1817830049.0,1755293620.0,2331119139.0,2132360201.0,3292171632.0,3493474871.0,3771170837.0,4189564985.0,0.00027940958693309907,0.00027940958693309907
Stone Harbor Investment Partners Limited,70845912462.0,59827228108.0,54107015754.0,43845668997.0,21907158579.0,13713471694.0,11129225073.0,4019670930.0,4369552864.0,4828341997.0,0.0002721848198027427,0.0002721848198027427
PIM Capital Management Ltd,,,,547631728.0,772341537.0,2053570616.0,3491728984.0,3302854091.0,3852979173.0,4639531429.0,0.00026386886100825,0.00026386886100825
2IP Independent Investment Partners (Pty) Ltd,,,,,,,,,,2588253349.0,0.0002502153571377841,0.0002502153571377841
Efficient Select (Pty) Ltd,448857425.0,270571753.0,576253320.0,552105010.0,326069371.0,1235802110.0,2143835316.0,2113051525.0,2382037896.0,2901631634.0,0.0002476634237828418,0.0002476634237828418
AG Capital (Pty) Ltd,,,,,,339645159.0,356173647.0,252432934.0,222341520.0,209891092.0,0.00024762726091076293,0.00024762726091076293
Mentenova,,,,,,,219297440.0,979270968.0,1318724989.0,2422793592.0,0.000246235330539807,0.000246235330539807
Accorn Investment Management,688641293.0,1361085054.0,1433056978.0,1226822328.0,1710826540.0,1935609392.0,2423565672.0,2518068638.0,3164666345.0,3640595086.0,0.00024505402574991146,0.00024505402574991146
MitonOptimal South Africa (Pty) Ltd,1033909929.0,1126334133.0,1390536218.0,1339115415.0,1457633856.0,1711854537.0,2012979765.0,2270886428.0,2358695995.0,2945075815.0,0.00024363230298331395,0.00024363230298331395
Associated Portfolio Solutions (Pty) Ltd,943830.0,24247616.0,71866061.0,255002651.0,2768362733.0,2939134913.0,3473516500.0,3831631634.0,4103484739.0,4333488017.0,0.0002414237195022032,0.0002414237195022032
Palmyra Asset Management,704078157.0,793966509.0,1144822165.0,730897272.0,531517589.0,613047002.0,915376967.0,1230146874.0,2131637267.0,2963465931.0,0.00024045080754472555,0.00024045080754472555
S-BRO Fondsbestuurders,1694696924.0,1649955004.0,1564317615.0,1497202217.0,1411165851.0,1504436115.0,3050656473.0,2770606937.0,2902611512.0,3263235199.0,0.00023665685794033173,0.00023665685794033173
Foord Asset Management (Singapore) Pte. Limited,12009805264.0,9908686417.0,7103455353.0,6319765329.0,3991734761.0,4480837029.0,3611149770.0,3465222969.0,4040693750.0,4379204376.0,0.00023080587480170533,0.00023080587480170533
Celerity Investments (Pty) Ltd,,,,875100871.0,1522998330.0,1640045196.0,2149231957.0,2252568535.0,2532840189.0,3001364257.0,0.00023051518859501285,0.00023051518859501285
Alexander Forbes Investments Jersey Limited,1701525630.0,1679232779.0,1783249564.0,1908149387.0,2548419502.0,2888159102.0,3496319340.0,3002473105.0,3290568916.0,3490605975.0,0.000225338650427895,0.000225338650427895
Allan Gray International Proprietary Limited,1251276919.0,646472510.0,630141851.0,658897473.0,485542959.0,677179973.0,1373153169.0,2299920272.0,2763656997.0,2504342069.0,0.00021849579758771273,0.00021849579758771273
Seed Investment Consultants (Pty) Limited,1375078655.0,1452024527.0,1563453567.0,1510120090.0,1650859024.0,1686642223.0,2296555974.0,2405326290.0,2577822379.0,2900380003.0,0.00021519542136384028,0.00021519542136384028
JBL Asset Management,,,1956204808.0,1880527795.0,1949198879.0,1880479837.0,2172277485.0,2516905450.0,2746241596.0,2874205224.0,0.0002127605150644276,0.0002127605150644276
Cinnabar Investment Management (Pty) Ltd,1000679280.0,888158928.0,1149353907.0,1180322935.0,1348266694.0,1394120470.0,1497260171.0,1670044553.0,2196123209.0,2890475603.0,0.00020957122927665048,0.00020957122927665048
Corion Capital (Pty) Ltd,486958407.0,203384243.0,221280406.0,222799600.0,467064201.0,692023187.0,895943991.0,1420846001.0,1979618632.0,2577283027.0,0.00020775675907935433,0.00020775675907935433
Marriott Isle of Man Ltd,2871852880.0,2823176437.0,2856222925.0,2572110368.0,2868861737.0,3209991274.0,3838018439.0,3202193153.0,3573660809.0,3621738269.0,0.00020709920323986643,0.00020709920323986643
PI Investment Managers (Pty) Ltd,1331100199.0,1330866427.0,1432600137.0,1499746557.0,1992093034.0,2112201215.0,2874687531.0,2766862694.0,2957076425.0,3240189810.0,0.0002064393511251483,0.0002064393511251483
PMK Consulting Services (Pty) Ltd,,,,,1903553556.0,2020311955.0,2334110084.0,2238817157.0,2527256726.0,2810830645.0,0.00020231171650264893,0.00020231171650264893
Private Client Asset Management (Pty) Ltd,,1079012171.0,1309252085.0,1374602046.0,1572206203.0,1612936558.0,1907532248.0,1981930182.0,2276690440.0,2497598524.0,0.0002016088294375075,0.0002016088294375075
Citadel Guernsey Ltd,,,,,,,1143346549.0,1538219805.0,1941001984.0,2720209642.0,0.00019972394313424208,0.00019972394313424208
The Capital Incubator,1374930461.0,1444446368.0,1500854016.0,1493462372.0,1591257349.0,1835866636.0,2259570826.0,1956834635.0,2636221454.0,2939654654.0,0.0001996190942326101,0.0001996190942326101
SouthChester Investment Managers,1033987.0,1101694.0,153233735.0,918547192.0,2141945373.0,1908661353.0,1893529698.0,1994985246.0,2067386455.0,2850083353.0,0.00019933436510733508,0.00019933436510733508
Platinum Portfolios (Pty) Ltd,1173527633.0,1350528714.0,1464006303.0,1538179208.0,1757268810.0,1936878146.0,2282896060.0,2262146340.0,2633554185.0,2909275751.0,0.0001965865365956096,0.0001965865365956096
Sanlam Private Wealth,634393867.0,606086831.0,796190602.0,796110388.0,927592818.0,1043914818.0,2312283559.0,2213551811.0,2522722260.0,2807816265.0,0.00019477133612587444,0.00019477133612587444
Guernsey International Investment IC Limited,,,,,,1343559705.0,2008933062.0,1920485022.0,2526781734.0,2923397235.0,0.000192225840551554,0.000192225840551554
The Robert Group (Pty) Ltd,,,,,794513492.0,919661934.0,1644201696.0,1761868241.0,2037723700.0,2578147143.0,0.00019081643822833707,0.00019081643822833707
Rezco Asset Management (PTY) Ltd.,6921214945.0,8790220077.0,8390978374.0,5969634225.0,6249951163.0,8964841649.0,9026989905.0,8566775958.0,8727895689.0,7172002095.0,0.00018920915870620814,0.00018920915870620814
PWS Asset Managers (Pty) Ltd,,,547228799.0,1398975282.0,1721317875.0,2598678370.0,3317153027.0,3620324302.0,4103943929.0,3434965746.0,0.00018745278876757692,0.00018745278876757692
Terebinth Capital (Pty) Ltd,12132691.0,52560608.0,63611989.0,139077554.0,454685304.0,587648139.0,1212843679.0,1155668835.0,1520119618.0,2706874231.0,0.00018698519732071305,0.00018698519732071305
Catalyst Fund Managers Global (Pty) Limited,5493024214.0,4179869606.0,4500497028.0,3666678383.0,4124260543.0,3749785183.0,5074532544.0,3514057873.0,3434683874.0,3034408125.0,0.0001858087770265577,0.0001858087770265577
FIM Capital Ltd,482072225.0,750817683.0,1141610384.0,1524198061.0,1884908888.0,2318596168.0,3472690067.0,3564572176.0,3662378921.0,3337005935.0,0.00018341892820294384,0.00018341892820294384
Fisher Dugmore Securities (Pty) Ltd,,,,,,829275376.0,1395588814.0,1409559368.0,1649612214.0,2126628549.0,0.00018308080243081295,0.00018308080243081295
Financial Fitness Portfolios (Pty) Ltd,,528479779.0,701772644.0,853032353.0,1196666194.0,1748552205.0,2017810724.0,1949112840.0,2189342695.0,2420978330.0,0.0001793958467591998,0.0001793958467591998
Sands Capital Funds PLC,,,,,,,1245127480.0,1108240764.0,1939461209.0,2521141207.0,0.0001790884456306633,0.0001790884456306633
Synergy Multi Managers (Pty) Ltd,,,,,1028047594.0,1194252960.0,1600766884.0,1682980185.0,2052382866.0,2340985079.0,0.00017882565477341363,0.00017882565477341363
Southern Charter Fund Managers,1430254439.0,1455051105.0,1573207049.0,1365452503.0,1487287060.0,1518190909.0,1979654956.0,2004024430.0,2176789529.0,2402580461.0,0.00017682256022303063,0.00017682256022303063
Saffron Wealth (Pty) Ltd,895815834.0,807978740.0,829207077.0,712826026.0,1208965139.0,1757740075.0,1331276759.0,1759799435.0,3474852508.0,2544888422.0,0.0001715924690165456,0.0001715924690165456
Prime Collective Investment Schemes Management Company (RF) (PTY) LTD,,,,502350781.0,495125306.0,421258348.0,520904152.0,911382128.0,1605095401.0,1617180916.0,0.0001707596501841748,0.0001707596501841748
Northstar Asset Management (Pty) Ltd,197452456.0,69038381.0,350808428.0,590445799.0,903636495.0,1512850293.0,1906122074.0,1677151304.0,1785148510.0,2164690133.0,0.0001702351523251835,0.0001702351523251835
Independent Securities (Pty) Limited,,25023171.0,232806789.0,222186911.0,1345149928.0,1583595618.0,1746902216.0,1444746039.0,2034808734.0,2483361544.0,0.00016862642491312615,0.00016862642491312615
Quantum Fund Managers (Pty) Ltd,729932712.0,592193287.0,252329348.0,161018590.0,2647612637.0,2729341938.0,2675938547.0,2419002366.0,2543844845.0,2689420697.0,0.00016772620304902634,0.00016772620304902634
PGIM,,335496460.0,421228050.0,403322846.0,511030516.0,1511521182.0,2971578766.0,1379991737.0,1075711508.0,1298772656.0,0.0001636759468324465,0.0001636759468324465
Mianzo Asset Management,,,,,17293371.0,90213179.0,139509314.0,257750110.0,397839488.0,378168675.0,0.0001627660466391917,0.0001627660466391917
FedGroup Management Company,484748680.0,600281900.0,626041733.0,587309785.0,1104015037.0,1558242370.0,1107399083.0,1576616690.0,1699690681.0,1955903042.0,0.00016276331033688362,0.00016276331033688362
Obsidian Capital (Pty) Ltd,657264981.0,873351017.0,1052015327.0,943011426.0,1069468817.0,1081010975.0,1387843387.0,1562356452.0,1708878580.0,2084850502.0,0.0001590556912875219,0.0001590556912875219
Morningstar Investment Management South Africa,,,,,,,,,,2081206831.0,0.00015581949876434785,0.00015581949876434785
Star Investment Partners,,,,,692482522.0,1039938576.0,1350195990.0,1591141700.0,1898558337.0,2030733352.0,0.00015281917422834033,0.00015281917422834033
Assetbase International (Pty) Ltd,43939612.0,726566211.0,1023051502.0,1052512905.0,1221311301.0,1291789551.0,1507062604.0,1504561234.0,1714070217.0,2013000664.0,0.00015203706856391382,0.00015203706856391382
Flagship Asset Management,1541830540.0,1586912598.0,1446827638.0,1346346273.0,1557650174.0,1543632986.0,1816421502.0,1718303067.0,1885554814.0,2177714781.0,0.00014888851043333887,0.00014888851043333887
OMBA Advisory & Investments Ltd,,,,,374532999.0,580579436.0,1082984245.0,1450296370.0,1963234983.0,2194056457.0,0.00014490947054366973,0.00014490947054366973
PIM Capital (Guernsey) limited,1247659369.0,1304803570.0,1358622783.0,1434527825.0,1628625691.0,1954929203.0,2445113399.0,2061516555.0,2355859389.0,2480309124.0,0.00014465891626714967,0.00014465891626714967
Custodian (Pty) Ltd,263151798.0,290154696.0,291658357.0,269291401.0,396815470.0,560876526.0,825108047.0,722057603.0,726242064.0,1658441753.0,0.00014203578950271775,0.00014203578950271775
Lynx Fund Managers (Pty) Ltd,369908756.0,999892118.0,1053478763.0,1098675072.0,1219107069.0,1666267977.0,1913631958.0,1727684278.0,1865804877.0,2052994305.0,0.0001402815440845781,0.0001402815440845781
Artisan Partners Limited Partnership,,,,,,,,,,,0.00013875133799037966,0.00013875133799037966
Providence Investment Partners,59812898.0,496058886.0,542461501.0,654293300.0,788725998.0,905301688.0,1129980516.0,960262117.0,2053967544.0,2709183635.0,0.00013727956943128858,0.00013727956943128858
Salvo Investment Managers (Pty) Ltd,,,411623452.0,641415624.0,454170535.0,743477096.0,1019888132.0,1224271369.0,1417704500.0,1794551082.0,0.00013718444582693295,0.00013718444582693295
Affinity Capital Management (Pty) Ltd,,4068022.0,11514804.0,16958802.0,686492506.0,606153716.0,1401365791.0,1237980502.0,1468244222.0,1605780661.0,0.0001370779422119428,0.0001370779422119428
Woodland Asset Management (Pty) Ltd,,,,,,,,644662289.0,1147627166.0,1538603850.0,0.00013667965474652345,0.00013667965474652345
Premier Fund Managers Limited,,,,,,,,,,,0.00013600351124153274,0.00013600351124153274
Sage Multi Managers (Pty) Ltd,,,,,,,,1523031272.0,1693974781.0,1830926369.0,0.00013595691659859898,0.00013595691659859898
Cordatus Capital (Pty) Ltd,604301331.0,756465316.0,804769890.0,845260139.0,969024742.0,1112174890.0,1481258797.0,1367348835.0,1653627996.0,1797692716.0,0.00013288331694537504,0.00013288331694537504
PPS Multi-Managers (Pty) Limited,,,,,,347496841.0,674540777.0,820324876.0,1203672139.0,1607640955.0,0.00013161619982378093,0.00013161619982378093
Octagon Asset Managers,,1268515752.0,1415088078.0,1462259022.0,1521831942.0,1424991269.0,1504324354.0,1615800808.0,1735883671.0,1866219096.0,0.0001312400051300998,0.0001312400051300998
Point Capital Management (Pty) Ltd,,,,,,,,1093745518.0,1977600557.0,2326062618.0,0.0001285800364075879,0.0001285800364075879
BlueAlpha Investment Management Pty Ltd,1040196913.0,783790953.0,565716075.0,870860098.0,1414975383.0,2180444697.0,3036563369.0,2536668179.0,2446065223.0,2545288578.0,0.00012776950829303238,0.00012776950829303238
Bartizan Capital,,,,,,,,9678.0,527701983.0,1343474844.0,0.0001274945686212209,0.0001274945686212209
Aeon Investment Management,66274222.0,71898827.0,82965028.0,86732851.0,393901459.0,746332008.0,1167679222.0,1165095283.0,1664261632.0,1567012553.0,0.00012494250210598817,0.00012494250210598817
Stenham Asset Management (UK) plc,1387298029.0,2393373064.0,1002893165.0,639086350.0,888942813.0,1862739758.0,2268754489.0,1746468228.0,2144529826.0,2624290299.0,0.00012392582014069214,0.00012392582014069214
PanAgora Asset Management,,,,721477689.0,888912692.0,286962181.0,155691236.0,420314194.0,782889795.0,1348956576.0,0.00012202295776486055,0.00012202295776486055
Noble Private Portfolios,2545822014.0,2740368791.0,2815362255.0,2661201680.0,2740487862.0,2559888268.0,2280803345.0,2038227520.0,1982131588.0,1874903467.0,0.00011858188972973396,0.00011858188972973396
Interactive Portfolios (Pty) Ltd,,,,,,,,92604345.0,542474065.0,845488538.0,0.0001128257199917985,0.0001128257199917985
Celtis Financial Services,744937775.0,1080685590.0,1111450772.0,1077878968.0,1080435801.0,1258048662.0,1511970367.0,1438006392.0,1472599200.0,1613873471.0,0.0001111588700962145,0.0001111588700962145
Amity Investment Solutions (Pty) Ltd,1408941389.0,905667825.0,983807322.0,891170631.0,875720154.0,890515443.0,1147370805.0,1104816282.0,1151523300.0,1565016848.0,0.00010943617674130829,0.00010943617674130829
Analytics,1452726026.0,1267026276.0,1385456701.0,1258940925.0,1284306330.0,1280796267.0,2398290040.0,2049830530.0,1947226401.0,1993526134.0,0.0001088264165057658,0.0001088264165057658
Sequoia Capital Management (Pty) Ltd,,,,253927509.0,374657224.0,602388730.0,730165127.0,847426998.0,1168366375.0,1289819836.0,0.00010779715262442437,0.00010779715262442437
CS Asset Management,567547365.0,570627317.0,659992467.0,641548655.0,725052944.0,859120917.0,1089006892.0,1076307749.0,1208295420.0,1398889745.0,0.00010747845534790431,0.00010747845534790431
Dinamika Fonds Bestuurders (Pty) Ltd,608105227.0,654243574.0,661963542.0,654303035.0,721471178.0,901886484.0,1181014577.0,1182493391.0,1351876781.0,1557412708.0,0.0001071957367226547,0.0001071957367226547
ID Capital (Pty) Ltd,,,82968197.0,328482504.0,715900317.0,1197414838.0,1856702254.0,1921112381.0,1738283501.0,1580886974.0,0.00010689907914263652,0.00010689907914263652
Weaver Investment Management,,,,,,615550332.0,739996535.0,736774375.0,949221774.0,1329296503.0,0.00010116300319808436,0.00010116300319808436
Stylo Investments (Pty) Ltd,,2160653.0,60165672.0,67219541.0,105680093.0,134305587.0,217185596.0,466674665.0,605043683.0,1293575623.0,0.00010038725535514554,0.00010038725535514554
GraySwan Financial Services (Pty) Ltd,,,163723857.0,269917242.0,386683642.0,384460970.0,575060546.0,712616328.0,961944196.0,1324860572.0,9.895685185977205e-05,9.895685185977205e-05
Brenthurst Capital,,78179038.0,665848303.0,953733929.0,941403647.0,934751748.0,1249466933.0,1025498874.0,1187523649.0,1347436373.0,9.839782191727977e-05,9.839782191727977e-05
Citrine Fund Managers,,,,,,,,,,664829006.0,9.819752554531871e-05,9.819752554531871e-05
Argon Asset Management,133980462.0,601251671.0,910004333.0,430616761.0,458947681.0,614159653.0,646828815.0,712590519.0,992106082.0,876444761.0,9.799396935908039e-05,9.799396935908039e-05
Peregrine Capital International IC Ltd,,,,,,383605239.0,1175029383.0,1246821732.0,1574366119.0,1932517836.0,9.588790929095545e-05,9.588790929095545e-05
Momentum Consult (Pty) Ltd,,,,,,,,,,1266026866.0,9.556264466224015e-05,9.556264466224015e-05
UBP Asset Management (Europe) S.A.,,,,,,2528981206.0,2650393214.0,1592528260.0,1457940850.0,1822704279.0,9.553801158251256e-05,9.553801158251256e-05
Excelsia Capital (Pty) Ltd,,,188135523.0,136698768.0,97728930.0,97887239.0,99210121.0,77944766.0,692498324.0,892566955.0,9.549118442849014e-05,9.549118442849014e-05
AssetMix Solutions,108323844.0,310517348.0,319730651.0,309039402.0,365188303.0,434012301.0,531901405.0,703726460.0,940166967.0,1250899735.0,9.485911402050837e-05,9.485911402050837e-05
Atomos Investments Limited,283414227.0,1127218129.0,1956186099.0,2035015615.0,2262149085.0,3318853396.0,3766852219.0,2989008467.0,,1966536322.0,9.448412356175619e-05,9.448412356175619e-05
Umbra Capital Partners,,,,,,,,230276979.0,941815627.0,927300459.0,9.43860537466252e-05,9.43860537466252e-05
Zazove Associates LLC,,262190556.0,380786788.0,572338152.0,575027347.0,674502376.0,1161956915.0,1230578754.0,1442558159.0,1535911365.0,9.367775439249796e-05,9.367775439249796e-05
Driehaus Capital Management LLC,2016819602.0,1055642194.0,971170934.0,1142987200.0,1334688278.0,1964114764.0,2381405320.0,1475105262.0,,1732448259.0,9.272855000350957e-05,9.272855000350957e-05
Autus Fund Managers (Pty) Ltd,1721978526.0,1384961323.0,1240949686.0,1069456152.0,1034476736.0,1107321929.0,1256794006.0,1141269287.0,1283523453.0,1405541514.0,9.13452406123388e-05,9.13452406123388e-05
AE Investment Managers (Pty) Ltd,,,,,,,,,,,9.01152361136419e-05,9.01152361136419e-05
Gradidge-Mahura Asset Management (Pty) Ltd,,,,,,,454506965.0,593493212.0,711697687.0,949249203.0,9.004806477452224e-05,9.004806477452224e-05
Omega Capital (Pty) Ltd,257308816.0,369355683.0,373583798.0,412647952.0,509407358.0,607376634.0,928749174.0,811304096.0,1017757962.0,1221386520.0,8.892456716473284e-05,8.892456716473284e-05
Orchard Investment Management,,,,,,,,198373667.0,451825397.0,756413604.0,8.86576359353706e-05,8.86576359353706e-05
Perpetua Investment Managers,199624104.0,249489935.0,738780890.0,799374561.0,669636052.0,587825602.0,897939700.0,1116718081.0,1359389167.0,1161329011.0,8.817934878954902e-05,8.817934878954902e-05
Franklin Templeton Investments Corp,84139247.0,57293819.0,79122325.0,93860902.0,120220847.0,174134455.0,258439721.0,804064362.0,1027600611.0,1075563619.0,8.672087655303541e-05,8.672087655303541e-05
PIM Capital Ltd PCC,,,,,,,462216887.0,475423344.0,1072047519.0,1190494295.0,8.297935161981736e-05,8.297935161981736e-05
High Street Asset Management (Pty) Ltd,,,73393616.0,167726865.0,363160014.0,543596217.0,598115144.0,354257295.0,571497187.0,968489222.0,8.235998577386006e-05,8.235998577386006e-05
Oribi Capital Partners (Pty) Ltd,,,,,,,,,,,8.232760251339067e-05,8.232760251339067e-05
Momentum Wealth International Limited,,,,,,494878029.0,701294337.0,857721299.0,1135847761.0,1301693358.0,8.170061026594969e-05,8.170061026594969e-05
Cedar Lane Capital (Pty) Ltd,,488667745.0,637370510.0,679433313.0,679302837.0,648724509.0,750814266.0,766856300.0,983750489.0,1165628962.0,8.159544083522152e-05,8.159544083522152e-05
Rebalance Fund Managers,,,,,,,,,,,8.052031440922383e-05,8.052031440922383e-05
A S Sure Investment Services,1163662926.0,1056961454.0,1035627100.0,901645287.0,916169698.0,947532494.0,1065335573.0,1013858647.0,1059037395.0,1160757801.0,8.011582362602968e-05,8.011582362602968e-05
Odyssey Capital Managers (Pty) Limited,,,,123361818.0,182882002.0,482653676.0,765680706.0,867554544.0,1190642191.0,1336597136.0,7.966846643619353e-05,7.966846643619353e-05
Lodestar Fund Managers (Pty) Ltd,,,,,499005618.0,805315057.0,1047897876.0,1441856849.0,1561641758.0,1208634471.0,7.954038487296146e-05,7.954038487296146e-05
Altinvest MultiAsset Fund Management,248537793.0,387830156.0,434141281.0,438257603.0,461935911.0,617537483.0,793872611.0,818432440.0,941622777.0,1037709193.0,7.82296284484014e-05,7.82296284484014e-05
Ginsburg & Selby Private Wealth,,,109059409.0,163930973.0,532490759.0,829842530.0,1039740286.0,867791226.0,1024385576.0,1094299128.0,7.611587524124772e-05,7.611587524124772e-05
Nest Egg Capital (Pty) Ltd,,,141600289.0,228532847.0,343310835.0,423568295.0,559992531.0,478703337.0,652299382.0,904677812.0,7.472702040080072e-05,7.472702040080072e-05
Sanlam Private Wealth Pty Ltd,,566083424.0,586697724.0,531410696.0,568040530.0,596217525.0,654949775.0,562835461.0,668361891.0,762247085.0,7.361812584731336e-05,7.361812584731336e-05
FVV Capital (Pty) Ltd,,,,,,,,,738379639.0,909758012.0,7.299099817302384e-05,7.299099817302384e-05
Sentio Capital Managers,,151408720.0,181412550.0,305606923.0,339713471.0,400227484.0,605055878.0,687037699.0,655088683.0,771146862.0,7.274892944944037e-05,7.274892944944037e-05
Robert Cowen Investments,,137368942.0,189595418.0,218956686.0,612777952.0,888917266.0,1027175367.0,653508831.0,863413066.0,1063203964.0,7.268115866865404e-05,7.268115866865404e-05
Platinum Portfolios Global,199305615.0,207330490.0,339988374.0,391863928.0,564804667.0,621405997.0,798933644.0,739745450.0,910334357.0,1099019594.0,7.207242726162485e-05,7.207242726162485e-05
Jupiter Asset Management International S.A.,4019599546.0,1866284288.0,2438088168.0,2171615469.0,2029997935.0,2089729300.0,3057731102.0,1918034945.0,1986010080.0,1386615246.0,7.020797272074457e-05,7.020797272074457e-05
Steyn Capital Management,561000000.0,607266377.0,1887825887.0,1676791735.0,1426659736.0,1218986914.0,1522224609.0,1595855166.0,1558064153.0,611528288.0,6.923124677552573e-05,6.923124677552573e-05
Integrity Asset Management (Pty) Limited,,14342486.0,182687369.0,211836316.0,551308737.0,926874557.0,1374836153.0,1315073731.0,1344019942.0,1089724735.0,6.8094771042737e-05,6.8094771042737e-05
Prowess Investment Manager (Pty) Ltd,,,,173280851.0,321333887.0,576434729.0,799576569.0,849173340.0,1052916386.0,823908349.0,6.798002074485364e-05,6.798002074485364e-05
Deton Private Wealth (Pty) Ltd,349103750.0,420807378.0,456856376.0,438103119.0,521943437.0,594407004.0,817772141.0,796708529.0,836061257.0,956493950.0,6.739427387426873e-05,6.739427387426873e-05
Benguela Global Fund Managers,,,,263959226.0,315759184.0,600781563.0,515951166.0,408487581.0,541848782.0,608318932.0,6.68274426905167e-05,6.68274426905167e-05
Perspective Investment Management,,,5074501.0,26768459.0,114344876.0,177799931.0,371635603.0,522155652.0,666749501.0,930284374.0,6.558807176624816e-05,6.558807176624816e-05
Dynasty Asset Management (South Africa),925761630.0,882298297.0,841194209.0,817069585.0,877271560.0,1163195559.0,1208198063.0,1068444864.0,1138560620.0,1126465415.0,6.501530635553984e-05,6.501530635553984e-05
Capital Link Partners (Pty) Ltd,,,,,,,,,,,6.36775202808245e-05,6.36775202808245e-05
Tresor Wealth (Pty) Ltd,782525838.0,745868179.0,644953175.0,554069487.0,606715503.0,677686728.0,806997313.0,751028703.0,842054918.0,918030056.0,6.36479814878542e-05,6.36479814878542e-05
Delta 4 Financial Services,,,,,,421197675.0,843627531.0,882387236.0,1004626700.0,955051577.0,6.242303796163226e-05,6.242303796163226e-05
Bovest Capital (Pty) Ltd,301749431.0,319020933.0,339532073.0,309495046.0,341439821.0,420272019.0,598952759.0,619010174.0,673710643.0,769422716.0,6.225397513852676e-05,6.225397513852676e-05
Harvard House Investment Management,295619739.0,312231584.0,364314951.0,448405768.0,357544769.0,391726385.0,521046826.0,546021524.0,605859824.0,731155761.0,5.9114892039434076e-05,5.9114892039434076e-05
Plexus Wealth,713623067.0,753692633.0,721414415.0,583804527.0,535839543.0,442191608.0,573388671.0,571804493.0,732651061.0,796497343.0,5.9045863004083257e-05,5.9045863004083257e-05
ATON Wealth Solutions (Pty) Ltd,,,,,,,,,,,5.877839806324025e-05,5.877839806324025e-05
Genera Capital (PTY) Ltd,,,,,,,182809314.0,429930640.0,600554381.0,596296879.0,5.860353713258645e-05,5.860353713258645e-05
4D Wealth Management,930583855.0,780129131.0,892389858.0,728427678.0,702155104.0,705207643.0,807036030.0,836070168.0,863417889.0,795358932.0,5.855246458925788e-05,5.855246458925788e-05
Ordian Capital (Pty) Ltd,,,,,,,,,421978751.0,777875134.0,5.740570749693045e-05,5.740570749693045e-05
Investhouse International (Pty) Ltd,,,219994466.0,296429840.0,338998289.0,424542916.0,571669763.0,560321945.0,633271824.0,881725187.0,5.528555825160055e-05,5.528555825160055e-05
ClucasGray (Pty) Ltd,,,,,,,,,981802786.0,1051345673.0,5.4723131053264145e-05,5.4723131053264145e-05
Quattro Fund Managers,289538463.0,396844427.0,467591359.0,450700027.0,521238487.0,557412879.0,726095221.0,755693232.0,791874238.0,735868994.0,5.437777892716035e-05,5.437777892716035e-05
Rozendal Partners (Pty) Ltd,,,,912684447.0,1331550402.0,1471296404.0,1904947375.0,2083338917.0,2522777704.0,2659270964.0,5.286592798737607e-05,5.286592798737607e-05
Clearance Capital Limited,,,57126878.0,312898779.0,419918657.0,599897185.0,881685046.0,520927869.0,892287190.0,915427796.0,5.2830371167758455e-05,5.2830371167758455e-05
Helfin Private Wealth (Pty) Ltd,308427374.0,354947417.0,402983732.0,274189709.0,243041293.0,238638425.0,240184376.0,224987523.0,3434935.0,658993512.0,5.262274304687124e-05,5.262274304687124e-05
Oakhaven Capital (Pty) Ltd.,,,,230838142.0,725307614.0,529042324.0,553363296.0,560641073.0,550101424.0,694798406.0,5.2377139499956844e-05,5.2377139499956844e-05
Engelberg (Pty) Ltd,,63273079.0,54598145.0,177887533.0,167676513.0,218893865.0,278195451.0,391120910.0,425603623.0,591828152.0,5.2026329690744594e-05,5.2026329690744594e-05
Wealthpoint Capital,,,,,,,,214901117.0,351401648.0,644896840.0,5.1728656189002484e-05,5.1728656189002484e-05
STRATEGIQ Capital,,,,,,,,,,324966166.0,5.0632772119927815e-05,5.0632772119927815e-05
Edge Asset Management (Pty) Ltd,,82511861.0,79481867.0,86205883.0,104592497.0,412733068.0,482985629.0,487425529.0,532858455.0,632496869.0,5.031195195987483e-05,5.031195195987483e-05
PFPS Asset Management (Pty) Ltd,393340117.0,414632522.0,449634469.0,440343905.0,502422251.0,507758839.0,602964926.0,600249879.0,633080960.0,681682450.0,5.015718740396221e-05,5.015718740396221e-05
Umthombo Wealth Pty Ltd,,,,,,,,,,,5.003652749646231e-05,5.003652749646231e-05
Cartesian Capital (Pty) Ltd,80976516.0,55548760.0,87891717.0,206180149.0,231553945.0,270765316.0,320981130.0,421794839.0,543728527.0,563691092.0,4.965217476749505e-05,4.965217476749505e-05
SA Asset Management,606412049.0,815382486.0,857514745.0,616321602.0,627769188.0,537107273.0,548744891.0,486200527.0,527815459.0,626159838.0,4.945849976736475e-05,4.945849976736475e-05
Red Oak Capital,,85800880.0,153641139.0,272947776.0,308297738.0,355556122.0,485869721.0,497097743.0,545063805.0,604377495.0,4.9314419010979636e-05,4.9314419010979636e-05
Protea Capital Management (Pty) Ltd,,,,,,,,,,616600241.0,4.905567496735955e-05,4.905567496735955e-05
Arnold du Bruin and Associates,1030144726.0,889193661.0,819831549.0,715426059.0,719923191.0,694090300.0,788976265.0,737842285.0,753916835.0,757839537.0,4.8984677866988396e-05,4.8984677866988396e-05
RisCura Invest (Pty) Ltd,,,,,,2028553.0,91437101.0,498971939.0,579673029.0,622776868.0,4.892114032423821e-05,4.892114032423821e-05
Element Investment Managers (Pty) Ltd,596679385.0,492610012.0,759974104.0,698521474.0,699306773.0,585020128.0,648973462.0,628463457.0,684747569.0,724752585.0,4.8791831545696125e-05,4.8791831545696125e-05
Sterling Private Client Asset Management (Pty) Limited,,,,,,,,,339640496.0,584067069.0,4.875336043599689e-05,4.875336043599689e-05
Momentum Mutual Fund ICC Limited,1180546020.0,994507264.0,892224124.0,,853745085.0,1258864712.0,1391639190.0,1067040051.0,1017065530.0,1073677751.0,4.8626107362723006e-05,4.8626107362723006e-05
Capita Asset Management,45393371.0,25254760.0,27956567.0,91265291.0,160542035.0,174871114.0,281313385.0,418743017.0,440172844.0,560151102.0,4.8623182117610406e-05,4.8623182117610406e-05
RSA Multi Asset Managers (Pty) Ltd,79543631.0,79724380.0,59654497.0,149591046.0,220492828.0,279176595.0,417964086.0,482293313.0,545225043.0,606551998.0,4.8589656826640886e-05,4.8589656826640886e-05
Zeta Asset Management ICC Limited,,,,,307013419.0,426159180.0,579573722.0,559519320.0,707839486.0,844295371.0,4.756690142994314e-05,4.756690142994314e-05
Southern Right Capital SA,,,,,,,,405092226.0,540989596.0,880238604.0,4.580009688725934e-05,4.580009688725934e-05
Northshore Capital (Pty) Ltd,,,,,,,,,,576286717.0,4.47996509074815e-05,4.47996509074815e-05
WellsFaber (Pty) Ltd,,,14728299.0,207547364.0,335767311.0,400374278.0,535959085.0,528456219.0,551011247.0,606707127.0,4.438820021681518e-05,4.438820021681518e-05
Alpha Private Capital (Pty) Ltd,,550660103.0,464410856.0,346692184.0,306935569.0,325038725.0,386229888.0,152791209.0,470434388.0,564619761.0,4.397208948262397e-05,4.397208948262397e-05
Vertu Capital Ltd,,,,,,,,,,555478656.0,4.3662144583300915e-05,4.3662144583300915e-05
Thyme Wealth Management (Pty) Ltd,,,,81086245.0,265746084.0,330429611.0,336188266.0,577415390.0,609924494.0,645869630.0,4.330973729132335e-05,4.330973729132335e-05
STANLIB Investment Management Services,4836158315.0,3740227038.0,3561719348.0,4023464097.0,3922209747.0,653006402.0,967799220.0,1096995349.0,1512616216.0,596884024.0,4.3009741511892417e-05,4.3009741511892417e-05
Aboutir Wealth (Pty) Ltd.,316843550.0,72721364.0,210751073.0,205798940.0,209069359.0,274387221.0,398397491.0,371241273.0,495702468.0,581350357.0,4.254869934771865e-05,4.254869934771865e-05
Balondolozi Investment Services (Pty) Ltd,,,,,,262381157.0,290544627.0,335958286.0,360837359.0,498575052.0,4.233819798663604e-05,4.233819798663604e-05
Long Beach Capital (Pty) Ltd,70320621.0,139679866.0,186501693.0,212473176.0,364541942.0,538112053.0,638961668.0,316997752.0,455477410.0,538397830.0,4.176915073862777e-05,4.176915073862777e-05
Mergence Investment Managers,366021946.0,258782517.0,284871038.0,292991513.0,193651150.0,199944856.0,210785540.0,389307036.0,399100850.0,576424550.0,4.135857726891952e-05,4.135857726891952e-05
Pangbourne Asset Management (Channel Islands) Limited,1269016756.0,1102677608.0,1062673870.0,845330828.0,704100785.0,673424721.0,752375578.0,699690472.0,976750736.0,666617376.0,4.1071986669816454e-05,4.1071986669816454e-05
MM Asset Management Limited,,,175443686.0,198143427.0,234400191.0,216341242.0,287789757.0,289100863.0,451785457.0,549635621.0,4.0236383496697085e-05,4.0236383496697085e-05
Starfundsai,98758735.0,77102194.0,131051586.0,104726443.0,72399247.0,55002695.0,184390053.0,283048605.0,409628481.0,500847581.0,3.974299547026316e-05,3.974299547026316e-05
Signature Private Clients,,112981262.0,196609743.0,213111659.0,224241187.0,247690871.0,328517932.0,342016658.0,417810203.0,515339271.0,3.9607325218556406e-05,3.9607325218556406e-05
Dotport,412790700.0,378311851.0,582363988.0,677570931.0,677722239.0,599587427.0,570273436.0,496851367.0,400798855.0,620108399.0,3.953050847833467e-05,3.953050847833467e-05
Wealthworks Investments (Pty) Ltd,200936305.0,220287251.0,238675791.0,246826727.0,328961187.0,340448962.0,425894607.0,456720613.0,491490861.0,553796920.0,3.919440202062193e-05,3.919440202062193e-05
Helfin Global Capital (Pty) Ltd,,,,,,,,,,331456298.0,3.854110749930707e-05,3.854110749930707e-05
Muhu Capital (Pty) Limited,,,,,,,214895667.0,201743816.0,257164452.0,503576578.0,3.6923050493247745e-05,3.6923050493247745e-05
Opulence Asset Management,,,,,,,,,,411166372.0,3.690801565762104e-05,3.690801565762104e-05
Capita Asset Management (Pty) Ltd,538508317.0,582791664.0,508374195.0,380000729.0,423997018.0,356571243.0,465159135.0,423788957.0,332874052.0,368842893.0,3.646888865517164e-05,3.646888865517164e-05
Novare Investments Pty Ltd,402122416.0,497927249.0,1103930307.0,1177360066.0,435900625.0,447292968.0,494402984.0,437458870.0,410272217.0,404969125.0,3.587855867811853e-05,3.587855867811853e-05
Fibonacci Asset Management,35851604.0,87114151.0,148969833.0,144143028.0,137467167.0,90102422.0,146046290.0,144700032.0,299956832.0,507200951.0,3.5333074505518436e-05,3.5333074505518436e-05
MI Thornbridge Investment Funds,,,,,,,,,,,3.416440470690462e-05,3.416440470690462e-05
Findotec (Pty) Ltd,,,,,,,,,,426675624.0,3.401628399952428e-05,3.401628399952428e-05
Baroque Financial Services,265503945.0,259214632.0,316975887.0,289285009.0,300815282.0,305836239.0,367606238.0,373592346.0,406657525.0,446263842.0,3.2935698001619674e-05,3.2935698001619674e-05
Personal Wealth Management (Pty) Ltd,,,,,,,18200581.0,351917345.0,377777973.0,449605448.0,3.272199701597027e-05,3.272199701597027e-05
Nomura Asset Management U.K. Limited,,,,,,,400192004.0,394440794.0,700306389.0,942573445.0,3.263421542301234e-05,3.263421542301234e-05
Fund Wealth (Pty) Ltd,,,,,,,,,,215663880.0,3.2602718071973875e-05,3.2602718071973875e-05
Simplisiti Asset Management,659530076.0,603516707.0,681023457.0,623576015.0,667288320.0,782696813.0,879473437.0,712933361.0,627939359.0,551139589.0,3.20763870711312e-05,3.20763870711312e-05
Brantam Financial Services,80514878.0,84984838.0,69512837.0,62485882.0,53818716.0,87955287.0,379093650.0,340762812.0,409682358.0,450575930.0,3.187897388703734e-05,3.187897388703734e-05
Guernsey International Fund Management,120124525.0,130257533.0,,,156587093.0,202478792.0,400064388.0,337243476.0,446776426.0,446304239.0,3.178798095896226e-05,3.178798095896226e-05
Baymont Wealth (Pty) Ltd,,,,,65828826.0,420556822.0,958241073.0,657895782.0,613053890.0,595280656.0,3.158036039326882e-05,3.158036039326882e-05
Imalivest (Pty) Ltd,309366950.0,512173822.0,545034024.0,513182538.0,585832302.0,456260819.0,447022220.0,433457360.0,475662480.0,448661766.0,3.1076122038244445e-05,3.1076122038244445e-05
Prime Investments ICC Limited,,,,,,,130983543.0,240765737.0,332317706.0,386432481.0,3.102075877444703e-05,3.102075877444703e-05
Mazi Asset Management (Pty) Ltd,417988308.0,888009315.0,1967388034.0,2482724629.0,2455574578.0,2153904266.0,2590132023.0,2358534632.0,2470649613.0,2435320818.0,3.036787368167523e-05,3.036787368167523e-05
Momentum Securities (Pty) Ltd,485419826.0,464521266.0,439580082.0,358227189.0,303028841.0,314964829.0,380517153.0,375930902.0,318405825.0,305461022.0,3.0344711283377306e-05,3.0344711283377306e-05
PIM Capital,,,,,94212069.0,171292151.0,247068443.0,213455164.0,368050255.0,473013685.0,2.9363932291494025e-05,2.9363932291494025e-05
Sequoia,,,,,,,172215944.0,207795587.0,305100452.0,388806494.0,2.9167430137850408e-05,2.9167430137850408e-05
Counterpoint Boutique Pty Ltd.,219378920.0,285564700.0,371701230.0,427504017.0,411650593.0,572351168.0,564369923.0,410024577.0,493560039.0,519362331.0,2.8917981060260795e-05,2.8917981060260795e-05
Alusi Asset Management (Pty) Ltd,,,,,,,,312381213.0,365519966.0,388833142.0,2.85630367971711e-05,2.85630367971711e-05
Alquity Investment Management Limited,2760041848.0,1680728376.0,1505912335.0,886473206.0,1005143261.0,1260262505.0,1385438058.0,916586002.0,,573213648.0,2.80832983615839e-05,2.80832983615839e-05
Imalivest Asset Management,,,,143121076.0,135456221.0,145998933.0,189713346.0,241340406.0,341658726.0,367083371.0,2.7319760467316594e-05,2.7319760467316594e-05
Intellivest,,,,,173454279.0,187880246.0,235644924.0,280304872.0,414300598.0,442850964.0,2.6940998959507897e-05,2.6940998959507897e-05
Public Investment Corporation,,,,,117949645.0,195926491.0,275976846.0,285373794.0,305697551.0,340904206.0,2.6307944046816344e-05,2.6307944046816344e-05
M1 Capital Investments (Pty) Limited,107024163.0,230060733.0,249448151.0,61995122.0,69187087.0,101943587.0,120849321.0,113426492.0,302093305.0,331890921.0,2.505036919792917e-05,2.505036919792917e-05
Satrix Investments,,,,,,,,,,,2.4672331036965174e-05,2.4672331036965174e-05
RAVEN FUNDS (PTY) LTD,,,90697275.0,84665457.0,106025504.0,179139787.0,229209947.0,135757899.0,182519180.0,299223565.0,2.444191009267588e-05,2.444191009267588e-05
Reitway Global (Pty) Ltd,783316888.0,716111093.0,645083468.0,558451996.0,708425964.0,897680570.0,1242534621.0,1459482546.0,1412883531.0,1166403524.0,2.436513767625767e-05,2.436513767625767e-05
Steer Capital (Pty Ltd),,,,,,83040602.0,171795950.0,175514712.0,285193951.0,326943997.0,2.329930936428786e-05,2.329930936428786e-05
Investin Asset Management,,,,,,,,,,152030464.0,2.3090350396015897e-05,2.3090350396015897e-05
Rock Capital Management,65410816.0,64198140.0,48712657.0,35020157.0,32528718.0,66313294.0,185879087.0,236890723.0,255364959.0,233586586.0,2.1845797049532347e-05,2.1845797049532347e-05
FAL Invest,,183336613.0,201374889.0,145572888.0,164304531.0,165821827.0,175220778.0,152218793.0,325608180.0,367395889.0,2.1324126910693896e-05,2.1324126910693896e-05
African Alliance Advisory (Pty) Ltd.,69663268.0,69117601.0,163427596.0,178827430.0,186821037.0,178416637.0,645264039.0,663366058.0,217778699.0,245902234.0,2.0741206689942742e-05,2.0741206689942742e-05
Saltlight Capital Management (Pty) Ltd,,,,,,33044732.0,115246610.0,73725606.0,97164775.0,184764873.0,2.0688148641688194e-05,2.0688148641688194e-05
Definitive Asset Management Proprietary Limited,,,,,,,,245791742.0,325502030.0,309829213.0,2.0300424974135132e-05,2.0300424974135132e-05
Caleo Capital,436372509.0,477109410.0,433817072.0,339766549.0,352537279.0,293509726.0,322988401.0,275967961.0,286170420.0,323433959.0,2.0175903795972964e-05,2.0175903795972964e-05
Pin Oak Capital (PTY) Ltd,,,,,,,,,,,1.9863360287748497e-05,1.9863360287748497e-05
Numoro (Pty) Ltd,,,,,,,,,171681020.0,241124860.0,1.957504458606515e-05,1.957504458606515e-05
Auris Gestion,,,,,,409604810.0,548557789.0,313219467.0,342411141.0,334834145.0,1.9462141092341916e-05,1.9462141092341916e-05
First Avenue Investment Managers,588770874.0,522475327.0,555369155.0,344151226.0,313886451.0,224236537.0,229812380.0,218550167.0,227214665.0,231456414.0,1.9360434647643792e-05,1.9360434647643792e-05
Aureus Nobilis,,238510854.0,230242397.0,194098758.0,231132737.0,241297894.0,271576894.0,272061990.0,258219163.0,284249407.0,1.897884006808664e-05,1.897884006808664e-05
Sanlam Collective Investments,2357308070.0,1946378563.0,1733718718.0,602403457.0,583407364.0,532745949.0,752082952.0,606300265.0,469484216.0,534810060.0,1.8968365736306754e-05,1.8968365736306754e-05
Old Mutual Wealth Trust Company (Pty) Ltd,37501486.0,169061482.0,200263452.0,181022098.0,135088179.0,228971070.0,271295100.0,212458056.0,235318957.0,246266091.0,1.8865584124573465e-05,1.8865584124573465e-05
Causeway Securities Limited,,,,,,183284397.0,428619728.0,366468928.0,419154943.0,343442449.0,1.8621599403846822e-05,1.8621599403846822e-05
Rowan Capital,,88693824.0,121005536.0,122464062.0,134933592.0,135695352.0,197685885.0,213830619.0,226531690.0,254190716.0,1.7521165660036423e-05,1.7521165660036423e-05
ETM Capital,,,,,,,,,,,1.717089900629717e-05,1.717089900629717e-05
Blue Quadrant Capital Management,409463143.0,463627631.0,92678073.0,73205653.0,77744954.0,56173822.0,121945525.0,173347211.0,235952446.0,270554879.0,1.6963601739937663e-05,1.6963601739937663e-05
Ninety One SA Proprietary Limited,,,,,,,,,,,1.6870549580837276e-05,1.6870549580837276e-05
Private Capital Consult,,,,,,,,,149177182.0,205509599.0,1.67986043666064e-05,1.67986043666064e-05
Pyxis Investment Management (Pty) Ltd,,,,,,,76610758.0,78970337.0,113263197.0,143377239.0,1.6734436342935087e-05,1.6734436342935087e-05
Meago (Pty) Ltd,,,4909086.0,76815959.0,312681088.0,311289757.0,690604524.0,542768466.0,557697840.0,634395416.0,1.6541632897367526e-05,1.6541632897367526e-05
Destiny Asset Managers,482622613.0,426398475.0,383218676.0,318620554.0,301816188.0,271371343.0,285083334.0,261923276.0,257384143.0,258550587.0,1.6482437513363855e-05,1.6482437513363855e-05
Sterling Investments Management Ltd,,,,,,,24938595.0,61449836.0,111747067.0,171300471.0,1.601042533373814e-05,1.601042533373814e-05
Montrose Asset Management,299305632.0,283370697.0,260705003.0,207367741.0,208128789.0,221069457.0,238632078.0,226023468.0,225932255.0,228141046.0,1.4735656941480822e-05,1.4735656941480822e-05
Independent Alternatives Investment Managers (Pty) Ltd,,,,,,,,71199133.0,56582885.0,180061277.0,1.4327315653775547e-05,1.4327315653775547e-05
Global & Local,,,,,1051959.0,81600973.0,89706268.0,45637882.0,9612769.0,171700910.0,1.4017365465816843e-05,1.4017365465816843e-05
Bellamont Asset Management,,,,,,,,,,,1.3879382317453543e-05,1.3879382317453543e-05
Baobab Investment Management (Pty) Ltd,,,,44519838.0,65619852.0,63793445.0,96942164.0,133852822.0,158489213.0,182871068.0,1.3758108361578992e-05,1.3758108361578992e-05
Community Growth Mgmt Co,468562477.0,465476812.0,346109933.0,90941323.0,92413089.0,89853226.0,200164121.0,209386595.0,199273746.0,171602182.0,1.342681764734301e-05,1.342681764734301e-05
Metope Investment Managers (Pty) Ltd,5094923.0,31973989.0,162186179.0,95781350.0,121796688.0,66889654.0,95388810.0,115173679.0,122385114.0,155955358.0,1.3025305058577884e-05,1.3025305058577884e-05
Rexsolom (PTY) Limited,,,,,70634204.0,101425815.0,130006944.0,105622725.0,135314159.0,158503018.0,1.2705561135879181e-05,1.2705561135879181e-05
Cohesive Capital (Pty) Ltd,41994400.0,85132619.0,102718515.0,102370079.0,106327135.0,97328441.0,152844721.0,151088378.0,152780397.0,169581951.0,1.1502265443441608e-05,1.1502265443441608e-05
Lunar Capital,,51130200.0,58194274.0,56051276.0,61678749.0,75581291.0,130036655.0,116743314.0,161501370.0,184990452.0,1.0960045744154936e-05,1.0960045744154936e-05
Tempo Fund Managers (Pty) Ltd,,,,,,,,,,,1.048160352798098e-05,1.048160352798098e-05
Edgestone Asset Management (Pty) Ltd,,,,,1989855.0,57373703.0,80679674.0,32601794.0,37035142.0,28573604.0,8.88613415885259e-06,8.88613415885259e-06
Korner Perspective,,,,20948552.0,33297942.0,32528342.0,49642449.0,76810389.0,97520553.0,118246686.0,8.79804374734881e-06,8.79804374734881e-06
Edify Fund Managers (Pty) Ltd,,,,,,,,,,,8.381848520907129e-06,8.381848520907129e-06
UBAM,,,46978434.0,49450490.0,281622567.0,369988054.0,429156163.0,357969733.0,111355093.0,127532137.0,8.314094235627221e-06,8.314094235627221e-06
Martello Asset Management Limited,,,,,,,,58810950.0,80464039.0,122644687.0,8.299492123724396e-06,8.299492123724396e-06
Integral Asset Management,,153534634.0,177342811.0,154686800.0,144004915.0,128673983.0,143984917.0,129293039.0,133171295.0,120438628.0,8.139417588741756e-06,8.139417588741756e-06
Pinnacle Wealth Management (Pty) Ltd,152184882.0,33407712.0,50551255.0,51091775.0,51451586.0,51005481.0,65134182.0,66278917.0,74521414.0,89311089.0,8.013790959809349e-06,8.013790959809349e-06
Consilium Capital SA,259965020.0,192775939.0,47662933.0,75985815.0,89460397.0,111643020.0,126653389.0,101983967.0,120418429.0,134553427.0,7.98784214308458e-06,7.98784214308458e-06
Oyster Catcher Investments (Pty) Ltd,,,,,,,,19332604.0,22222046.0,32355207.0,7.82317386140248e-06,7.82317386140248e-06
Contrarius Investment Services,,,,,,,,,,69423680.0,7.740235273578874e-06,7.740235273578874e-06
Aurora Capital SA (Pty) Ltd,,,,,,,,13763529.0,87197240.0,102365421.0,7.5215700219349386e-06,7.5215700219349386e-06
T. Rowe Price International Ltd,,,,,,,,1000042.0,23530060.0,93376495.0,7.260578182244731e-06,7.260578182244731e-06
Foster Wealth Management (Pty) Ltd,233576498.0,216372307.0,188689995.0,156704387.0,152958102.0,141774710.0,139242000.0,134201189.0,142572684.0,138446573.0,7.216230957621394e-06,7.216230957621394e-06
Median Asset Management Cc,,158164426.0,151066709.0,113055892.0,64513926.0,59288942.0,67373166.0,57164598.0,60711258.0,85073598.0,7.121766040243672e-06,7.121766040243672e-06
MSM Property Fund,,,55604474.0,42453966.0,86382837.0,111127797.0,146307876.0,135712681.0,95111577.0,85659628.0,7.111709132920256e-06,7.111709132920256e-06
Lima Mbeu Investment Managers,,,,,1707882.0,140497191.0,95983714.0,83870881.0,68608600.0,76939901.0,6.8056090087530455e-06,6.8056090087530455e-06
Khumo Capital (Pty) Ltd,,,,,,,,,,81508008.0,5.686572614972167e-06,5.686572614972167e-06
SouthernCross Capital,,,,,,,,,38451615.0,64023516.0,5.575771102079056e-06,5.575771102079056e-06
Galileo Capital,,,,,,,,,,30000195.0,5.308671643735267e-06,5.308671643735267e-06
Legacy Africa Fund Managers (Pty) Ltd,,,,,,,75939683.0,129140117.0,109670723.0,109668526.0,4.890123541069946e-06,4.890123541069946e-06
Iza Capital Partners (Pty) Ltd,,,,,,113749012.0,328898144.0,245280545.0,235013587.0,164235771.0,4.816727540753029e-06,4.816727540753029e-06
AnBro Capital Investments,,,,,,33773826.0,88414032.0,61560995.0,70092012.0,75640009.0,4.0541303310715665e-06,4.0541303310715665e-06
Cratos Asset Management (Pty) Ltd,17102522.0,17594393.0,15511467.0,11625012.0,33231638.0,27138521.0,35910621.0,33744340.0,47923253.0,63772400.0,3.863767527895419e-06,3.863767527895419e-06
BIFM Unit Trust (Proprietary) Limited,,,,,,4044002.0,8817978.0,13167924.0,25149956.0,41786594.0,3.82612868575125e-06,3.82612868575125e-06
Colourfield Liability Solutions,38281320.0,74976928.0,75570216.0,49095571.0,53360774.0,68076953.0,57807405.0,63674966.0,38852283.0,36869363.0,3.6676587480080675e-06,3.6676587480080675e-06
MandG Investments Unit Trusts South Africa (RF) Ltd,,,,,,,,,,,3.309516749150025e-06,3.309516749150025e-06
Remo Asset Management (Pty) Ltd,,,,,,,,,,,3.2907148939034845e-06,3.2907148939034845e-06
Strategic Capital Partners,,,,,,,,,,,2.864687967873049e-06,2.864687967873049e-06
Peregrine Capital (Proprietary) Limited,,,,,,,18507257.0,18559211.0,24909110.0,35214198.0,2.4942856523849426e-06,2.4942856523849426e-06
Universum Wealth (Pty) Ltd,,,,,,,,,,,2.3561356601589503e-06,2.3561356601589503e-06
Sentio Capital Management (Pty) Ltd,,,,,,,,,2394084.0,4924680.0,2.132027772834168e-06,2.132027772834168e-06
Florin Capital Management,,,,,,,,4348235.0,4696074.0,17495642.0,1.1922128527584734e-06,1.1922128527584734e-06
Wealthvest Investment Management (Pty) Ltd,,,,,,,,,,,1.0334181676025499e-06,1.0334181676025499e-06
Maestro Investment Management (Pty) Ltd,62901849.0,71504534.0,56255146.0,20236994.0,48280146.0,38981435.0,34913843.0,16847677.0,16179000.0,15286325.0,9.99490184804436e-07,9.99490184804436e-07
Constellation Asset Management,,,,26110435.0,69372813.0,73368893.0,79654885.0,61398877.0,8524305.0,9087457.0,6.630963778881726e-07,6.630963778881726e-07
TBI Investment Managers (Pty) Ltd,,,,,,,,,264121757.0,245073272.0,4.623742077975265e-07,4.623742077975265e-07
Standard Bank Namibia UT Mgmt,,,,,,,933596.0,4097484.0,5846897.0,4468038.0,2.9830895649914794e-07,2.9830895649914794e-07
Differential Capital (Pty) Ltd,,,,,1012239.0,1807731.0,3855422.0,90098391.0,2220169.0,2853879.0,2.9113492224319973e-07,2.9113492224319973e-07
Nomura,,,,,,,,,,,6.061978987142059e-08,6.061978987142059e-08
