Parent Company,2015,2016,2017,2018,2019,2020,2021,2022,2023,2024,2025,% Market Share,Entity Count,2024-2025 Growth %,2015-2025 CAGR %
BlackRock,473050149769.0,510582446009.0,483266556941.0,813064190446.0,1043465277021.0,1229752126573.0,1374586232232.0,1438327841696.0,1948509949888.0,2455521474541.0,2752383507415.0,0.17328992203162238,2,12.089571846627445,19.25598291875572
Goldman Sachs,857711679897.0,764761864744.0,898939777527.0,1006222885730.0,1341480465897.0,1448612757221.0,1501879206081.0,1735438004352.0,1876561078167.0,1913252800789.0,2161048414286.0,0.1360594954188982,2,12.951535384911628,9.681231292653813
Allianz,193318080565.0,178251663997.0,266280948000.0,425339096920.0,409085020820.0,456021202426.0,741267742933.0,700371524155.0,913454119789.0,1007599401788.0,976366250242.0,0.061471968177010596,1,-3.099758841715894,17.580155022589672
Franklin Templeton,1078878292686.0,794302260188.0,796306227938.0,740831465535.0,731252078651.0,769728628239.0,849242749928.0,653825820929.0,813171223864.0,852242388878.0,827204575506.0,0.0520807569175797,2,-2.9378746819860635,-2.6212832175244283
Ninety One,251809831774.0,286857504847.0,241992868171.0,334176516408.0,424708866244.0,549775388381.0,676084153982.0,629982446545.0,709077951819.0,746486275245.0,783842665719.0,0.04935069333963424,5,5.004297026323679,12.025172575498377
Allan Gray,243604293295.0,270237529520.0,310506130634.0,316845296743.0,327022480680.0,321103598823.0,360493805264.0,377663494984.0,419677014785.0,445117759522.0,520383876800.0,0.032763341734262395,4,16.909259553882162,7.885701403233902
Fidelity/FIL,416990957806.0,359359269187.0,362659732348.0,380136009762.0,409597429284.0,446307746274.0,507744470630.0,410985401921.0,478486039138.0,508417762021.0,500937325594.0,0.03153898788488309,2,-1.471316894450081,1.8510886820179984
Fundsmith,114073003093.0,168116322479.0,248849722737.0,325797604921.0,420447038679.0,575890482962.0,810053377566.0,622795862769.0,742257621335.0,717043036824.0,488182538539.0,0.03073594715733318,2,-31.91726110313995,15.648482010650167
STANLIB,195736851480.0,197431141521.0,213398500808.0,228090227892.0,248655409378.0,281598334904.0,366442378741.0,340635497674.0,362411620301.0,417539297921.0,460108689678.0,0.028968419097691777,6,10.195301847984206,8.922796694728973
Nedgroup,183527390080.0,206460275125.0,240846428579.0,230768472487.0,261461334779.0,303380117100.0,348264016956.0,330209065245.0,378071581986.0,400338162488.0,420077681669.0,0.02644806892191196,2,4.930711341213123,8.633274862107188
Coronation,269084925124.0,258251845471.0,283492389684.0,270415270771.0,293528376856.0,309300940281.0,340405796186.0,308275125581.0,324164603955.0,350941175759.0,403805082516.0,0.025423546928200553,2,15.06346658885731,4.142558110668837
Sanlam,123842266416.0,148992946837.0,198730689292.0,210138108612.0,238901995451.0,245611881178.0,287484982121.0,268625242596.0,265706749920.0,278035939208.0,319881127833.0,0.0201396991197746,6,15.050280458058118,9.95423788775518
PSG,60627555535.0,68026050860.0,84668299810.0,94601582066.0,100457521083.0,102475972379.0,178474543027.0,181202871816.0,219099021759.0,256417660620.0,305306511130.0,0.019222082012529364,2,19.066101138193915,17.545660545518626
Guinness Asset Management Limited,29424743805.0,45804863357.0,51947272881.0,62945736398.0,80763675547.0,110652997865.0,161691350505.0,168110006141.0,245704971757.0,297648334437.0,277279558183.0,0.01745750651718678,2,-6.843235421601612,25.147021055914642
Schroder,49524573842.0,54729684975.0,55476546618.0,64089640944.0,71670559572.0,81717994227.0,141325971873.0,132736848198.0,194121543607.0,254355030564.0,267600928302.0,0.01684814048482502,1,5.2076413462823545,18.376824816971627
MandG,79769372951.0,89665029505.0,126589471036.0,123134555010.0,131166478983.0,120638009799.0,141810750733.0,159196691516.0,185375803384.0,184068020150.0,207499518191.0,0.0130641588398008,2,12.729803918087068,10.031768037636969
SEI,71549053262.0,68271493911.0,78375135179.0,111152313360.0,127760854078.0,136018348459.0,165620454778.0,131675925860.0,170055385629.0,179027003421.0,197418630526.0,0.012429466678344683,3,10.273102243548271,10.68236347186351
Dodge & Cox,36501618963.0,41739511315.0,55375324047.0,84511906640.0,116362540497.0,103762597833.0,162559468968.0,143745956073.0,173475625649.0,192965356429.0,195281079665.0,0.012294886587654775,1,1.2000720123314323,18.259163858313077
Old Mutual,70899568185.0,75212249371.0,83657393017.0,82679230572.0,94502516822.0,109037217372.0,128673773886.0,123431121445.0,127285565325.0,144106979809.0,160555834875.0,0.010108586987335019,2,11.414336132643532,8.517117767133708
Investec,19610940509.0,21196920054.0,27941462880.0,32677200022.0,41137514608.0,53880782495.0,81073416337.0,83099128266.0,107762141767.0,125890107385.0,153125431909.0,0.009640769204248903,1,21.634205490593715,22.815983520701067
T. Rowe Price,64528112606.0,67945119584.0,95108658121.0,115639239748.0,134550610685.0,212123049037.0,260052055513.0,155508621836.0,169717765117.0,210177881858.0,149328666904.0,0.009401725077615993,2,-28.95129326458378,8.752543385995782
Baillie Gifford Investment Management (Europe) Limited,10019493433.0,10348198440.0,12295171840.0,15331712544.0,22181889860.0,75005511786.0,150934489727.0,112621137502.0,134584940301.0,138042128484.0,124598263314.0,0.007844700157805104,1,-9.738958184463398,28.666836266044537
Discovery Life Investment Services (Pty) Ltd,25890715876.0,31182638473.0,39229992015.0,42137096519.0,54727979358.0,60106687119.0,78962335616.0,80608436940.0,88294929090.0,94484886142.0,109821683059.0,0.006914367435862634,1,16.2320107937163,15.54586379963936
Bank Julius BÃ¤r & Co. AG,13636562759.0,18395138748.0,20162521986.0,25409793552.0,31790174842.0,46713146990.0,75654681722.0,65430025498.0,88438895778.0,109175663726.0,103220983786.0,0.0064987877540011365,1,-5.4542191334367,22.435203619947508
Momentum,38804406538.0,35812113626.0,56985591105.0,57156647034.0,60367385642.0,62074231048.0,73766526693.0,77527014148.0,72492536704.0,81310174794.0,103110035641.0,0.006491802464580238,8,26.810741585822594,10.266093606873095
"Sands Capital Management, LLC",31511565306.0,23935189281.0,33919337807.0,42647008549.0,60716057100.0,110306298550.0,150316948507.0,88437863988.0,114234366579.0,119916484260.0,97293735354.0,0.006125608501954242,1,-18.865420417888423,11.933862458861523
Foord,148524592643.0,138295702934.0,125082055544.0,99620073974.0,90048379304.0,88680132945.0,92801723371.0,90130612318.0,92618784593.0,91322882459.0,95916849679.0,0.006038919851690058,4,5.030466731120198,-4.2784651663981705
Ashburton,19470275152.0,18106416640.0,16799051673.0,22332834200.0,31540477643.0,38955746817.0,45145909086.0,50559310527.0,65537316560.0,76273292044.0,93175345347.0,0.0058663148819749844,2,22.15985812340402,16.9480250818697
Prescient,10137604083.0,17446717907.0,28231136394.0,28362764751.0,36747591596.0,41115099840.0,42833673135.0,53335774889.0,60773060458.0,69339040875.0,84753697884.0,0.0053360883970721895,1,22.230848327983878,23.658032711418088
Satrix Managers (Pty) Limited,4376307469.0,5355240472.0,8500909695.0,13916974745.0,20372916012.0,23745786650.0,37351683179.0,40078530200.0,46369598015.0,63812090051.0,84104474442.0,0.005295213323034654,1,31.800219009880237,34.39129147345845
PPS Management Company (Pty) Ltd,16553825320.0,19401093676.0,21931766464.0,24349691965.0,29272959077.0,33934214079.0,41946583140.0,50725044740.0,59981910449.0,68211898096.0,80268875235.0,0.0050537241970698525,1,17.675768415110316,17.102153270327403
Fairtree Asset Management (Pty) Ltd.,3029154578.0,5046146581.0,9914037286.0,15284998590.0,26766604978.0,32099054051.0,42110046809.0,39967198136.0,44482496514.0,60524248026.0,80257625640.0,0.005053015923155557,1,32.604085565049786,38.776677962798175
Amplify,4305648565.0,6116108531.0,9165451690.0,8710281674.0,11058560588.0,17860564832.0,27665833852.0,35506401190.0,47289954938.0,59964094709.0,77978966562.0,0.004909551666485119,1,30.04276465845843,33.59613366253422
M&G Securities Ltd,92541916501.0,71672850465.0,65343796725.0,60974424524.0,62086516172.0,60994313061.0,71980556362.0,65969464693.0,73198290146.0,70147534279.0,70994225837.0,0.004469792754841616,1,1.2070154235677366,-2.615810558095222
Orbis,136631539592.0,124501043345.0,121519656565.0,105834038042.0,105169903500.0,52532360521.0,52344990187.0,51266777082.0,61213193888.0,62013278445.0,70559801471.0,0.0044424414194227085,2,13.781762939013076,-6.394657042482244
GQG Partners LLC,0.0,0.0,3093363747.0,4540756944.0,12082656100.0,23720186425.0,30399579806.0,30609011143.0,51859267712.0,72623228271.0,70143007919.0,0.00441620011913342,1,-3.4151887915872314,inf
Symmetry,50399175996.0,50071351569.0,55597863185.0,49985851295.0,48778443832.0,46688985143.0,53527824087.0,48344681113.0,49242321276.0,63455145291.0,68891413862.0,0.004337399822601898,1,8.567104442153163,3.174926030806824
Peregrine Guernsey Limited,10245064906.0,8199083810.0,11260093878.0,15414677158.0,26041250528.0,29723672692.0,38825033458.0,36076230023.0,45559688268.0,55123915397.0,58113066656.0,0.0036587956448317412,1,5.422603306518159,18.953139290412913
PortfolioMetrix,5377117231.0,7612011180.0,10305302236.0,11316471602.0,13948117912.0,16130599427.0,22683990253.0,28397839032.0,33818307943.0,41824017687.0,55328731769.0,0.00348349406560839,1,32.28937540880396,26.252539088007197
10X Investments (Pty) Ltd,0.0,963847.0,110823021.0,540328234.0,11632472248.0,16477350379.0,24952462547.0,30197064525.0,38062250345.0,44969688308.0,52366319886.0,0.003296980768007374,1,16.44803834827593,inf
1nvest Fund Managers (Pty) Ltd,2198514445.0,1794708924.0,2375921875.0,2040676316.0,4934826193.0,7489854427.0,16572480084.0,19990668237.0,23968310432.0,31492715689.0,50315661248.0,0.0031678714071442723,1,59.769204234027406,36.759462775324316
Premier Portfolio Managers Limited,7908448125.0,4602735696.0,4401256236.0,13763057442.0,14231057753.0,17414034653.0,23689850946.0,24652672772.0,32678106888.0,35661167685.0,41327355630.0,0.0026019681543659294,1,15.888957969773232,17.981695948181464
Sygnia Asset Management (Pty) Ltd,5336272533.0,7010836016.0,8757812673.0,8781050095.0,10658384932.0,14904413614.0,23744420085.0,23323568965.0,27908752551.0,33086458806.0,40585878738.0,0.002555284807929369,1,22.66613050363684,22.49368369650895
36ONE Asset Management (Pty) Ltd,6047431851.0,6077324581.0,5520586435.0,5088653543.0,4969078070.0,7301009097.0,11107796242.0,12815126229.0,15490460838.0,21739183164.0,38552269581.0,0.002427248881500535,1,77.34000992660297,20.350499394306066
Anchor Capital (Pty) Limited,2746153160.0,3381137293.0,6793181453.0,6605940816.0,10113632738.0,16186778368.0,20155374263.0,19846988902.0,23592888577.0,29360709117.0,38353786313.0,0.0024147523853023703,1,30.629632139207974,30.169233913133418
Abax Investments Proprietary Limited,5736954650.0,6170694826.0,12799674963.0,14003041777.0,15776481989.0,18623450226.0,21880576050.0,20800009035.0,24350816608.0,28411609174.0,36008263035.0,0.002267078362088319,1,26.737851469362894,20.16336332343758
Contrarius Investment Management Ltd,21758328770.0,23567433761.0,28946526511.0,27687305275.0,30442900553.0,26134483150.0,30256065410.0,30652181063.0,34431765044.0,30938484645.0,35670141518.0,0.0022457902490182133,1,15.293757684944298,5.0673865577993915
Russell Investments Limited,1321334987.0,1962431216.0,5975537071.0,7225151815.0,8638972019.0,11135154579.0,15363687449.0,12662599214.0,15309633512.0,21101342164.0,35445649353.0,0.002231656234021845,1,67.97817445694115,38.94886391942309
Stonehage Fleming Investment Management Limited,4510272674.0,6717190342.0,9603726191.0,11560832980.0,17262228873.0,28997645508.0,42813922355.0,34000575797.0,46964254287.0,46025408629.0,35332425498.0,0.0022245276660180727,1,-23.23278260752365,22.856196345595258
Ranmore Fund Management LTD,1942958476.0,1751440214.0,1255843032.0,1343946300.0,2001925653.0,1498253468.0,1876616825.0,426008416.0,2698747128.0,8190959545.0,35303481131.0,0.002222705330181816,1,331.00543882615403,33.63967205572968
Truffle Asset Management,6353830515.0,8056121604.0,8465209824.0,6775139769.0,8169795609.0,9878203391.0,13304496431.0,15979286779.0,19971052167.0,23686082263.0,33506975793.0,0.0021095974478272245,1,41.46271815217499,18.08914021093959
"Virtus Investment Advisers, LLC",28938254353.0,16466825914.0,9234887536.0,11088190126.0,11993276641.0,18550379136.0,21955517266.0,15235703224.0,27911122385.0,35663516244.0,33491150037.0,0.0021086010590551135,1,-6.091284415527809,1.4718955081509
Camissa Asset Management (Pty) Limited,2021498544.0,2060329664.0,2703931933.0,3250334722.0,7126435778.0,8434596431.0,13824423110.0,17505131667.0,20199641027.0,23926418770.0,32520493439.0,0.0020474885702853798,1,35.91876724892749,32.02262676732865
Cogence (Pty) Ltd,0.0,1362922786.0,1502948404.0,1616890832.0,1801029375.0,2339782796.0,5105325595.0,8072834461.0,12330727263.0,19171860743.0,30023559654.0,0.0018902817494498801,1,56.602220600638134,inf
PineBridge Investments Ireland Ltd,0.0,3161508780.0,6304055180.0,9046468532.0,13948579465.0,25876336567.0,37131214653.0,21516812449.0,25221355819.0,21046238490.0,27583104549.0,0.0017366308233606187,1,31.059545686066215,inf
Landseer Asset Management UK LLP,0.0,0.0,0.0,0.0,0.0,0.0,0.0,12089005299.0,21186587454.0,29676991182.0,26746738737.0,0.0016839732754713296,1,-9.873819171996413,inf
H4 Collective Investments (RF) (Pty)Ltd,1676784032.0,2209406852.0,2702211992.0,3348673621.0,5186759412.0,6584301932.0,11137550606.0,12389444161.0,15352187302.0,19980789226.0,25564629244.0,0.0016095477234641528,1,27.946043346145856,31.31557416105437
Curate Investments (Pty) Ltd,6661606298.0,6196014713.0,8415790268.0,8990159582.0,13680482287.0,16270796148.0,17700188023.0,17449190653.0,18190130595.0,19977111084.0,24538531148.0,0.00154494464087279,1,22.83323171613796,13.927078342428413
Colchester Global Investors Ltd,15615809785.0,12145717977.0,11489783896.0,13692513734.0,26238840921.0,31608331219.0,30051433629.0,23211820880.0,26841788254.0,26757743322.0,24204935246.0,0.0015239414602869776,1,-9.540446087996902,4.480187060480034
Sasfin Asset Managers (Pty) Ltd,1791136113.0,2489109306.0,3850491891.0,4673883517.0,8656802276.0,14105187105.0,19397147564.0,22721915306.0,19075111634.0,19746406898.0,23640313485.0,0.0014883929036714281,1,19.719570284933162,29.43521937074094
Ci Global Fund Managers ICC Ltd,1679940943.0,1429846879.0,1467939222.0,2449230101.0,4946040555.0,7725302647.0,12111929205.0,12348996648.0,15056686879.0,19986150537.0,23406501411.0,0.001473672107690651,1,17.113605082019,30.13803621838218
Marriott Asset Management (Pty) Ltd,14939990114.0,14707267653.0,15320360585.0,15563443998.0,18426839001.0,23615869758.0,24989768760.0,22655596383.0,22710401517.0,22679425950.0,23352914098.0,0.001470298253259887,1,2.9695996251615897,4.568066339594545
Pzena Investment Management Europe Limited,5072635002.0,5270423015.0,5412926747.0,7762748872.0,9906646943.0,14301372920.0,12898281109.0,9903136892.0,17081459740.0,19528353117.0,22981792111.0,0.0014469324323202564,1,17.684230581603334,16.309456886849148
Sarasin Funds Management (Ireland) Ltd.,15681600366.0,12674032364.0,14496235809.0,14777889879.0,21142453143.0,24474522995.0,31202060585.0,27329305888.0,27487536689.0,27135478532.0,22519603293.0,0.0014178330484519344,1,-17.01048033317948,3.685263421027285
Jupiter Asset Management (Europe) Limited,2330794415.0,2411576510.0,4879129966.0,5070374105.0,4381793500.0,3067812605.0,3659169050.0,3132961294.0,3653678090.0,7668612507.0,22345537971.0,0.0014068739048600158,1,191.38958254316188,25.36280028616047
Citadel Investment Services (Pty) Ltd,6017204115.0,7626771955.0,9589773924.0,10678529407.0,16476871286.0,16840448318.0,17238110359.0,17204893747.0,18544452230.0,20819044813.0,22052890381.0,0.0013884488278614,1,5.926523426423258,13.869411854797086
Granate Asset Management (Pty) Ltd,0.0,75052321.0,283353704.0,323789978.0,486714799.0,1223576036.0,2913947080.0,5265384278.0,9376235753.0,13856439376.0,19089633471.0,0.0012018823274045501,1,37.76723552851635,inf
Aikya Investment Management Ltd,0.0,0.0,0.0,0.0,0.0,716058463.0,1720522200.0,6390603802.0,12789505764.0,16868193235.0,16846220687.0,0.0010606371755655087,1,-0.13026023412162635,inf
Arcus Investment Limited,8598128905.0,4108336516.0,4022570618.0,2857576679.0,2729780490.0,2246614375.0,2824507575.0,3486514825.0,10919008362.0,15771866013.0,16205459482.0,0.0010202948835280074,1,2.749157700443372,6.543200777278013
Oasis Crescent Management Co,16911067547.0,16795598958.0,14945455623.0,14692138527.0,14409081783.0,14440177019.0,16255817708.0,14438358318.0,14349197623.0,14326806826.0,16158301735.0,0.001017325834237165,1,12.783692355481758,-0.45430823496049877
Canaccord Genuity Wealth (Intl) Ltd,3799419336.0,3978920499.0,4878627473.0,8594797190.0,9836289771.0,11514104091.0,13969989948.0,12440522903.0,14470303881.0,15914158239.0,15198502147.0,0.0009568969022506075,1,-4.496977353449827,14.870458902010174
Equilibrium Investment Management (Pty) Ltd,2376452871.0,2837121991.0,9856244447.0,9397058663.0,9489073739.0,8785556997.0,9301473879.0,11338807117.0,11874452549.0,12777536898.0,15159190902.0,0.0009544218683163234,1,18.639382715246057,20.357922181403953
Bateleur Capital (Pty) Ltd,777317414.0,1176218139.0,1558905762.0,1515751573.0,1798466818.0,2342909582.0,3921018679.0,5866461244.0,9143026911.0,11544341520.0,14852942227.0,0.0009351404677156927,1,28.659934403950317,34.31403910983064
FNB CIS Manco (Proprietary) Ltd,2400907641.0,2715673718.0,5150003289.0,4697310941.0,4470842643.0,4606745636.0,7370971583.0,8729853754.0,9525445745.0,10706184351.0,14313243213.0,0.0009011610459510127,1,33.691357665283306,19.546333203562227
Hollard Investment Managers,1181109318.0,2017232263.0,2474944663.0,3541930803.0,4260407604.0,4378097507.0,6153256996.0,6406107797.0,6421367707.0,11141279529.0,13925334562.0,0.0008767383375217232,1,24.988647181441713,27.982784330258514
Personal Trust Intl Mgmt Co,6109550225.0,6206840068.0,6898619693.0,6650153441.0,6923457298.0,7213977900.0,8860699939.0,9136771122.0,10150679387.0,11168270503.0,13354083196.0,0.0008407723813212481,1,19.57163100958963,8.13355567802283
Matrix Fund Managers,1325050117.0,1410698044.0,2012266284.0,2359961632.0,2758507289.0,4956369224.0,7036169336.0,8195649508.0,12506294059.0,9531512257.0,13254260880.0,0.0008344875735137408,1,39.057271528618045,25.896112810525107
Professional Provident Society Multi - Managers Proprietary Limited,0.0,0.0,0.0,0.0,1481298779.0,3711734359.0,5055421258.0,6387735040.0,10725653203.0,11764078056.0,13002369536.0,0.0008186285076369815,1,10.526039304613732,inf
Aylett & Company (Pty) Ltd,775134993.0,836779526.0,1050588729.0,1789127615.0,2819709895.0,3153986293.0,6295479080.0,8218391463.0,9567585582.0,11304976784.0,12889681156.0,0.0008115336531112726,1,14.01775874712845,32.46052839028051
Centaur Asset Management (Pty) Ltd,2518386104.0,2602894393.0,3920680716.0,4435756350.0,4609799444.0,4430020540.0,6207764300.0,6292014173.0,7731793297.0,10827852590.0,12733511135.0,0.0008017011967366943,1,17.59959815817922,17.593302096087292
Laurium Capital (Pty) Ltd,5336132719.0,4782406177.0,5187929115.0,4714721833.0,4849192533.0,4802572570.0,7275429819.0,7620360627.0,10970016081.0,10205569263.0,12549031195.0,0.0007900863493388392,1,22.96257927028289,8.927706015408088
Alexander Forbes Investment Ltd,3901448957.0,4456868529.0,5116658805.0,5874690570.0,5969608966.0,4980580117.0,7794557961.0,7158538098.0,7844635604.0,11024924117.0,12327928000.0,0.0007761657037168643,1,11.818710670224197,12.193169192114105
UBS,2510243953.0,2337798475.0,6868457939.0,7069991522.0,9337160401.0,13337845263.0,17271262677.0,11407039705.0,9762930125.0,10167948552.0,11222583746.0,0.0007065732871521908,1,10.372153130068273,16.154942065115474
PWM Wealth Management (Pty) Ltd,0.0,79665817.0,79829143.0,96006997.0,101187796.0,96655277.0,531799971.0,2307346900.0,3743119006.0,6975657204.0,10752223707.0,0.0006769594436360113,1,54.139221474851595,inf
SIS Management Company Limited,20390183603.0,20618709332.0,19162420861.0,15339230525.0,14476811470.0,12441367897.0,17183981754.0,14599636999.0,14903654601.0,8515102413.0,10079463892.0,0.0006346025207823166,1,18.37161085240373,-6.803065020144105
Glacier Management Company,2629003106.0,2809138578.0,2935772022.0,3473382494.0,3933346924.0,4978069061.0,5609653169.0,7231169894.0,8878561685.0,10141977272.0,9862808795.0,0.000620961927178359,1,-2.75260404862796,14.135554074548784
Credo Capital Limited,0.0,0.0,966892827.0,1529929328.0,2618916014.0,3663641572.0,5363361127.0,5148033383.0,6368670607.0,7587797169.0,9497952563.0,0.0005979905978466364,1,25.174043947879277,inf
WealthStrat (Pty) Ltd,0.0,0.0,0.0,0.0,0.0,0.0,0.0,1733512283.0,4695460595.0,6642549437.0,9427822651.0,0.0005935752222458801,1,41.93078637075109,inf
ALUWANI Capital Partners,654740228.0,991321540.0,1023606864.0,1499188260.0,1840845472.0,2439427861.0,1944589490.0,2414975045.0,4512006461.0,6412326258.0,9398595753.0,0.0005917350982726032,1,46.57076659619961,30.526710900786025
NFB Asset Management (Pty) Limited,521684362.0,847062962.0,1324563651.0,1874130465.0,3678870396.0,3844160591.0,4501502188.0,4737820969.0,6233478208.0,7571356935.0,9383735257.0,0.0005907994822197335,1,23.93729865807732,33.5047730406818
GinsGlobal Inv Mgmt ( Mauritius) Ltd,5882868893.0,6440685408.0,7259585592.0,7257607293.0,5202299900.0,5279251902.0,6579147222.0,7455822159.0,7220114319.0,9660565796.0,9205307903.0,0.0005795657053206676,1,-4.712538609162021,4.57910360734799
Apex Investment Consulting SA (Pty) Ltd,5735859616.0,4812587764.0,4060324103.0,2842031633.0,4027011964.0,3729958813.0,4181998173.0,7112575198.0,6531055731.0,8127142544.0,8783140311.0,0.0005529860557533491,1,8.0716901844462,4.3530460830423445
Instit (Pty) Ltd,225632665.0,259262154.0,357628014.0,1767544702.0,3000284038.0,4257332349.0,5429751138.0,5696749708.0,6979746307.0,8142341741.0,8763845965.0,0.0005517712847357988,1,7.632991143941714,44.18805259120651
Taquanta Asset Managers,325159481.0,441393254.0,509612741.0,609640573.0,784164753.0,1748449989.0,2298398740.0,4241598952.0,5196588292.0,8451500905.0,8577081902.0,0.0005400126290730292,1,1.4859017162940136,38.71528341693748
Lindsell Train Ltd,12043382493.0,12376660283.0,17710376138.0,19741413241.0,30371229479.0,35457316693.0,33379618945.0,27674057921.0,25548699911.0,21138194522.0,8566474795.0,0.000539344806169695,1,-59.47395229954824,-3.3492193502825507
Oasis Crescent Wealth (UK) Limited,0.0,0.0,0.0,0.0,0.0,6817275264.0,8191809623.0,6681744010.0,7494161627.0,7610866491.0,8161141412.0,0.0005138250375227551,1,7.230121848158966,inf
Visio Fund Management (Pty) Ltd,2335571010.0,2097269459.0,2609107496.0,2369130075.0,2340097752.0,2413158362.0,4229429232.0,5012732756.0,5304780629.0,6141692809.0,7880870433.0,0.0004961791913069961,1,28.317561266682368,12.93228387664811
Grant Thornton Capital (GTC),5106682950.0,5553726330.0,6915535653.0,6837303964.0,5153176633.0,5636018726.0,6088395847.0,6229075314.0,6629721911.0,6587416763.0,7760215555.0,0.0004885827664828291,1,17.803622181419286,4.27338902922898
Skyblue Fund Managers,0.0,0.0,0.0,0.0,0.0,455914054.0,609931876.0,1899821705.0,3132271622.0,6355407458.0,7647036007.0,0.0004814569880454651,1,20.323300394754963,inf
FG Asset Management Ltd,3278604509.0,3559008780.0,4086523165.0,3616350546.0,4001666340.0,4225446225.0,5091723047.0,5110933393.0,6210591584.0,6840285642.0,7611619254.0,0.00047922715112432056,1,11.276336287244181,8.787451376739842
Adviceworx (Pty) Ltd,1348841225.0,2145620336.0,2776823458.0,3312683146.0,3747966493.0,4190720491.0,5540968481.0,6104134500.0,6710452298.0,7027580183.0,7600691527.0,0.00047853914200251353,1,8.155173318212427,18.874643527330946
IP Fund Managers Guernsey Limited,1677441550.0,1833414810.0,1955701628.0,1616369172.0,2644124702.0,3739754469.0,4945550126.0,4473034263.0,6068768387.0,6860653168.0,7575969644.0,0.0004769826535386045,1,10.426361142062035,16.273054875651717
Vunani Fund Managers (Pty) Ltd,348660584.0,351388029.0,406455801.0,581630915.0,2100331145.0,6639492429.0,9446637153.0,12516214616.0,16519409632.0,8963131138.0,7503870552.0,0.0004724432984677826,1,-16.28070105784053,35.92152796618724
Vulcan Value Partners,18022664996.0,19815171828.0,25446481270.0,23826894067.0,34067149406.0,34235430653.0,34374199773.0,8004146746.0,8132439376.0,7991126505.0,7398360071.0,0.0004658003640886339,1,-7.417808160452843,-8.518843688206811
Portfolio Analytics Consulting (Pty) Ltd,2966051595.0,3667258109.0,3658059391.0,3683615446.0,1504557064.0,2454648843.0,6040187478.0,6231649480.0,6356538544.0,6746970793.0,7353898848.0,0.0004630010878081505,1,8.99556369251946,9.504986265688832
Optimum Investment Group (Pty) Ltd,931783073.0,1204276062.0,1594473471.0,2207583002.0,3457122544.0,4045730021.0,5027334251.0,5282527782.0,5743620605.0,6137039228.0,7266247133.0,0.00045748254040464805,1,18.399880839086592,22.800330257533695
Marathon Asset Management Limited,0.0,0.0,0.0,0.0,3463485745.0,3962786086.0,5236021315.0,4747222381.0,5166792465.0,7827735503.0,6985140334.0,0.0004397840710052948,1,-10.764226367601115,inf
3B Asset Management,2268455985.0,2261279105.0,2660314014.0,2441846432.0,3107653808.0,3666833859.0,4439984408.0,4543345895.0,4920705049.0,5385310156.0,6945006653.0,0.0004372572565433582,1,28.96205514295731,11.839246110825608
Ampersand Asset Management,4553816077.0,4573404553.0,4813871827.0,4488795144.0,4026289416.0,3337938440.0,4354251902.0,3958021467.0,4616955091.0,5649426836.0,6857551563.0,0.0004317510886395976,1,21.384907922011376,4.17880214556503
Itransact Fund Managers,94169318.0,71564080.0,55371729.0,44348320.0,3522167701.0,4289465681.0,5018980640.0,5330982263.0,6078138746.0,5939090494.0,6838530842.0,0.000430553545037772,1,15.144412244747985,53.49892505399312
Rubrics Asset Management,8674574756.0,8598075339.0,10137380998.0,10643573902.0,11957464272.0,14158713372.0,13936639511.0,10507868525.0,10494199495.0,8545257276.0,6819115530.0,0.00042933115800717264,1,-20.199997381565083,-2.377936038519668
Ashmore Investment Management (Ireland) Limited,3409459399.0,820345717.0,1026009645.0,1441126411.0,2018102117.0,1370837110.0,1937394229.0,1337350565.0,1867129883.0,5684943745.0,6242721483.0,0.00039304141887923756,1,9.811490896292053,6.23529877459883
Graviton Financial Partners,1714422173.0,2631917460.0,2717881481.0,2577084828.0,2607337191.0,2665970332.0,2462521004.0,3717516693.0,7797368048.0,6050025652.0,6181109959.0,0.00038916236054254636,1,2.1666735736346254,13.682828210212673
Select Manager (Pty) Ltd,2539151612.0,2401264978.0,3483496154.0,3194085466.0,4064245710.0,4159385167.0,4810622099.0,4673585941.0,4883046191.0,5666187137.0,6140879968.0,0.0003866294824080344,1,8.377641251914758,9.23308454875289
abrdn Investments Luxembourg S.A.,61881278101.0,46680985250.0,34686915711.0,19891823766.0,16262148785.0,15651280548.0,15262832661.0,7682929600.0,8030260351.0,7462419868.0,6112429237.0,0.00038483822586858396,1,-18.090520968794145,-20.66488475801306
PortfolioMetrix Asset Management Ltd.,0.0,0.0,0.0,0.0,1152081642.0,3547473576.0,4687935218.0,4097015745.0,4636920141.0,5523682555.0,6076628259.0,0.00038258419816148494,1,10.010454049345707,inf
Cadiz Asset Management,2358622143.0,1717877248.0,2199135032.0,2522158376.0,2893777554.0,2863665159.0,3147712386.0,3563927176.0,4431071861.0,4983750532.0,6001384782.0,0.0003778468727751095,1,20.419044722762614,9.789121531861289
Denker Capital,3475049724.0,3122661639.0,2908767434.0,2302705500.0,2330360753.0,2085400315.0,2579509811.0,2931455327.0,3501989787.0,4543767714.0,5964326049.0,0.00037551365687882906,1,31.263885489195587,5.550436913347356
MiPlan Proprietary Limited,1606126491.0,1535863537.0,1903750289.0,2440370026.0,3399834047.0,3571512968.0,4836990921.0,3872657383.0,4961577739.0,5893401565.0,5807389552.0,0.00036563294321527873,1,-1.4594629612686205,13.715619424238001
Methodical Investment Management,844120998.0,765806958.0,818658059.0,1519369336.0,1804960551.0,3054154032.0,3738892766.0,3351884345.0,3941238597.0,4445607974.0,5801316211.0,0.0003652505659827724,1,30.495451801616724,21.258497722627357
Sesfikile Capital,557477106.0,1210474375.0,1843029511.0,2206156190.0,2601489741.0,2686421770.0,3906074264.0,3965836429.0,4013575937.0,4101809835.0,5767495959.0,0.0003631212446812965,1,40.60856526762899,26.321137046608744
Sarasin Investment Funds Ltd,695644374.0,891520795.0,918146799.0,859314784.0,1381384361.0,4892685823.0,7797382304.0,7315548436.0,8552504216.0,9088858827.0,5747286464.0,0.0003618488559304506,1,-36.76558770033144,23.511545683284417
Melville Douglas Investment Management,1216342079.0,1482375668.0,1742978831.0,2289928062.0,2738511126.0,3906537308.0,4756344133.0,4703566042.0,4875736388.0,5241595957.0,5529287261.0,0.00034812363748285664,1,5.488620381275222,16.348648309179616
New Road Capital,0.0,0.0,0.0,0.0,0.0,1160841274.0,1967254858.0,2239888151.0,2852323349.0,3834845604.0,5506199922.0,0.00034667005982391144,1,43.58335355813714,inf
All Weather Capital,727687878.0,1085760778.0,1726989272.0,1278657421.0,1155468088.0,1544293843.0,2433056934.0,3460670527.0,4386690823.0,7282923493.0,5456209135.0,0.00034352264248247214,1,-25.082157731792066,22.319187264654428
Excalibur Portfolio Managers,0.0,5038594.0,1719035155.0,2129368555.0,2587713707.0,2892324407.0,3642072390.0,3550428336.0,4250290468.0,4740140998.0,5335931603.0,0.00033594997534277865,1,12.56904816230955,inf
Canaccord Genuity Wealth Management,2508593172.0,2566645412.0,2775517621.0,6535282815.0,6681766194.0,7136424742.0,8427744316.0,6684127448.0,6612065507.0,6023960177.0,5251302550.0,0.00033062173458110023,1,-12.82640662118042,7.667264844519117
Gryphon Asset Management (Pty) Ltd,1496437205.0,2107375055.0,2484045269.0,2267462742.0,3050319306.0,3599145352.0,3028934367.0,3525248684.0,5030126318.0,5369419817.0,5230514421.0,0.0003293129150638024,1,-2.586972163365109,13.330966019298618
Kruger International,247854726.0,296801798.0,323751539.0,1161017376.0,1719600287.0,2158534728.0,2578886322.0,2666897405.0,2927407355.0,4610974129.0,5195066924.0,0.00032708114250202186,1,12.667448974099415,35.56244533548736
Stonehage Fleming Investment Management (South Africa) (Pty) Ltd,3057201659.0,3134417626.0,3309161421.0,2687518030.0,2752679525.0,2993522313.0,3798624472.0,3069261666.0,5763692832.0,5224418111.0,5184161573.0,0.0003263945421720074,1,-0.7705458702709889,5.423017846357059
Portfolio Bureau Investments,2296104701.0,2556222815.0,2894185028.0,2968486846.0,3211766682.0,2967711852.0,3429451726.0,3382728975.0,3761060390.0,4135126414.0,5023404053.0,0.00031627325709972454,1,21.48126925437206,8.143555091184895
Wealth Associates Asset Management,0.0,823433773.0,1042415614.0,1185844764.0,1401565813.0,2553624454.0,3159130762.0,3225256581.0,3618867970.0,4136165017.0,4964691673.0,0.0003125767287180215,1,20.031276619638795,inf
Fussell Asset Management (Pty) Ltd,0.0,0.0,0.0,0.0,385009117.0,410323237.0,1038826520.0,1131940028.0,3277978684.0,3946069065.0,4847931688.0,0.0003052255261539332,1,22.854709538643103,inf
Chrome Wealth Strategy Solutions (Pty) Ltd,0.0,0.0,23014496.0,496243755.0,1060909709.0,1738647277.0,2425871157.0,2569278128.0,3116031257.0,3854842294.0,4720652037.0,0.00029721200596730883,1,22.46031554514225,inf
Roxburgh Asset Management,0.0,1416526172.0,1536103413.0,1478018223.0,1604669813.0,1827978931.0,2474404477.0,2926746491.0,3327784783.0,3949461440.0,4718948600.0,0.00029710475766265925,1,19.483344037915206,inf
Merchant West Investments (Pty) Ltd,5435437577.0,6246620866.0,6697026607.0,6684107576.0,6456698468.0,5286805598.0,6226457045.0,5725399178.0,4932151175.0,4967247178.0,4708633074.0,0.0002964552926838729,1,-5.20638685236775,-1.4251707116755274
ClucasGray Asset Management,715466366.0,803554051.0,895847769.0,1494341153.0,1763945014.0,1560054070.0,2144965655.0,2695974849.0,3142340747.0,3530004068.0,4513742263.0,0.00028418497739100574,1,27.86790542021551,20.22499106167257
27four Investment Managers,2125065866.0,2299993444.0,2422311335.0,2371891767.0,2619278167.0,2849309835.0,4064503972.0,3521391180.0,4656061902.0,4103079691.0,4447307413.0,0.00028000224270099337,1,8.389496376467044,7.664487020025712
Catalyst Fund Managers (Pty) Limited,2256747879.0,2035031358.0,1817830049.0,1755293620.0,2331119139.0,2132360201.0,3292171632.0,3493474871.0,3771170837.0,4189564985.0,4437894169.0,0.00027940958534985387,1,5.927326223345353,6.996455229897491
Stone Harbor Investment Partners Limited,70845912462.0,59827228108.0,54107015754.0,43845668997.0,21907158579.0,13713471694.0,11129225073.0,4019670930.0,4369552864.0,4828341997.0,4323142373.0,0.00027218481826043594,1,-10.463211270326255,-24.39535578425913
PIM Capital Management Ltd,0.0,0.0,0.0,547631728.0,772341537.0,2053570616.0,3491728984.0,3302854091.0,3852979173.0,4639531429.0,4191059056.0,0.00026386885951306473,1,-9.666329021865538,inf
2IP Independent Investment Partners (Pty) Ltd,0.0,0.0,0.0,0.0,0.0,0.0,0.0,0.0,0.0,2588253349.0,3974198905.0,0.00025021535571996496,1,53.54752294768499,inf
Efficient Select (Pty) Ltd,448857425.0,270571753.0,576253320.0,552105010.0,326069371.0,1235802110.0,2143835316.0,2113051525.0,2382037896.0,2901631634.0,3933666258.0,0.0002476634223794829,1,35.56738946140121,24.24213611649182
AG Capital (Pty) Ltd,0.0,0.0,0.0,0.0,0.0,339645159.0,356173647.0,252432934.0,222341520.0,209891092.0,3933091879.0,0.00024762725950760897,1,1773.872702992083,inf
Mentenova,0.0,0.0,0.0,0.0,0.0,0.0,219297440.0,979270968.0,1318724989.0,2422793592.0,3910983691.0,0.00024623532914454027,1,61.42455155544262,inf
Accorn Investment Management,688641293.0,1361085054.0,1433056978.0,1226822328.0,1710826540.0,1935609392.0,2423565672.0,2518068638.0,3164666345.0,3640595086.0,3892220893.0,0.0002450540243613385,1,6.911666940595329,18.91056478850861
MitonOptimal South Africa (Pty) Ltd,1033909929.0,1126334133.0,1390536218.0,1339115415.0,1457633856.0,1711854537.0,2012979765.0,2270886428.0,2358695995.0,2945075815.0,3869639509.0,0.000243632301602797,1,31.39354475327827,14.108705942667065
Associated Portfolio Solutions (Pty) Ltd,943830.0,24247616.0,71866061.0,255002651.0,2768362733.0,2939134913.0,3473516500.0,3831631634.0,4103484739.0,4333488017.0,3834560327.0,0.00024142371813420097,1,-11.513304941486812,129.55258076480135
Palmyra Asset Management,704078157.0,793966509.0,1144822165.0,730897272.0,531517589.0,613047002.0,915376967.0,1230146874.0,2131637267.0,2963465931.0,3819107456.0,0.00024045080618223622,1,28.87300022751638,18.42246605611195
S-BRO Fondsbestuurders,1694696924.0,1649955004.0,1564317615.0,1497202217.0,1411165851.0,1504436115.0,3050656473.0,2770606937.0,2902611512.0,3263235199.0,3758847724.0,0.00023665685659934042,1,15.1877659677083,8.291973696197385
Celerity Investments (Pty) Ltd,0.0,0.0,0.0,875100871.0,1522998330.0,1640045196.0,2149231957.0,2252568535.0,2532840189.0,3001364257.0,3661298893.0,0.00023051518728882267,1,21.98782218655575,inf
Alexander Forbes Investments Jersey Limited,1701525630.0,1679232779.0,1783249564.0,1908149387.0,2548419502.0,2888159102.0,3496319340.0,3002473105.0,3290568916.0,3490605975.0,3579079350.0,0.00022533864915103715,1,2.5346136353874726,7.719240630079982
Seed Investment Consultants (Pty) Limited,1375078655.0,1452024527.0,1563453567.0,1510120090.0,1650859024.0,1686642223.0,2296555974.0,2405326290.0,2577822379.0,2900380003.0,3417973292.0,0.00021519542014445794,1,17.845706026956076,9.532780499710626
JBL Asset Management,0.0,0.0,1956204808.0,1880527795.0,1949198879.0,1880479837.0,2172277485.0,2516905450.0,2746241596.0,2874205224.0,3379299399.0,0.0002127605138588424,1,17.573351087890178,inf
Cinnabar Investment Management (Pty) Ltd,1000679280.0,888158928.0,1149353907.0,1180322935.0,1348266694.0,1394120470.0,1497260171.0,1670044553.0,2196123209.0,2890475603.0,3328643611.0,0.00020957122808913704,1,15.159028069471647,12.77095003525639
Corion Capital (Pty) Ltd,486958407.0,203384243.0,221280406.0,222799600.0,467064201.0,692023187.0,895943991.0,1420846001.0,1979618632.0,2577283027.0,3299824175.0,0.0002077567579021224,1,28.034994233483545,21.08766183625914
Marriott Isle of Man Ltd,2871852880.0,2823176437.0,2856222925.0,2572110368.0,2868861737.0,3209991274.0,3838018439.0,3202193153.0,3573660809.0,3621738269.0,3289380141.0,0.00020709920206636047,1,-9.176757217516096,1.3666718922931587
PI Investment Managers (Pty) Ltd,1331100199.0,1330866427.0,1432600137.0,1499746557.0,1992093034.0,2112201215.0,2874687531.0,2766862694.0,2957076425.0,3240189810.0,3278899635.0,0.00020643934995538134,1,1.194677696983426,9.43386488397422
PMK Consulting Services (Pty) Ltd,0.0,0.0,0.0,0.0,1903553556.0,2020311955.0,2334110084.0,2238817157.0,2527256726.0,2810830645.0,3213339946.0,0.00020231171535627077,1,14.319941392271263,inf
Private Client Asset Management (Pty) Ltd,0.0,1079012171.0,1309252085.0,1374602046.0,1572206203.0,1612936558.0,1907532248.0,1981930182.0,2276690440.0,2497598524.0,3202175911.0,0.0002016088282951122,1,28.210193921463087,inf
Citadel Guernsey Ltd,0.0,0.0,0.0,0.0,0.0,0.0,1143346549.0,1538219805.0,1941001984.0,2720209642.0,3172238048.0,0.00019972394200252724,1,16.617410622353802,inf
The Capital Incubator,1374930461.0,1444446368.0,1500854016.0,1493462372.0,1591257349.0,1835866636.0,2259570826.0,1956834635.0,2636221454.0,2939654654.0,3170572721.0,0.0001996190931014894,1,7.855278737786042,8.714055853950399
SouthChester Investment Managers,1033987.0,1101694.0,153233735.0,918547192.0,2141945373.0,1908661353.0,1893529698.0,1994985246.0,2067386455.0,2850083353.0,3166050336.0,0.0001993343639778278,1,11.086236571551943,123.1517380082098
Platinum Portfolios (Pty) Ltd,1173527633.0,1350528714.0,1464006303.0,1538179208.0,1757268810.0,1936878146.0,2282896060.0,2262146340.0,2633554185.0,2909275751.0,3122406264.0,0.0001965865354816726,1,7.325895901299173,10.280724076784775
Guernsey International Investment IC Limited,0.0,0.0,0.0,0.0,0.0,1343559705.0,2008933062.0,1920485022.0,2526781734.0,2923397235.0,3053144834.0,0.00019222583946232642,1,4.438247305108356,inf
The Robert Group (Pty) Ltd,0.0,0.0,0.0,0.0,794513492.0,919661934.0,1644201696.0,1761868241.0,2037723700.0,2578147143.0,3030759137.0,0.0001908164371470957,1,17.555708378744008,inf
Rezco Asset Management (PTY) Ltd.,6921214945.0,8790220077.0,8390978374.0,5969634225.0,6249951163.0,8964841649.0,9026989905.0,8566775958.0,8727895689.0,7172002095.0,3005230534.0,0.00018920915763407425,1,-58.09774601020944,-8.00387268668864
PWS Asset Managers (Pty) Ltd,0.0,0.0,547228799.0,1398975282.0,1721317875.0,2598678370.0,3317153027.0,3620324302.0,4103943929.0,3434965746.0,2977333911.0,0.0001874527877053953,1,-13.322748138985375,inf
Terebinth Capital (Pty) Ltd,12132691.0,52560608.0,63611989.0,139077554.0,454685304.0,587648139.0,1212843679.0,1155668835.0,1520119618.0,2706874231.0,2969907103.0,0.000186985196261181,1,9.717218073439193,73.33193000896247
Catalyst Fund Managers Global (Pty) Limited,5493024214.0,4179869606.0,4500497028.0,3666678383.0,4124260543.0,3749785183.0,5074532544.0,3514057873.0,3434683874.0,3034408125.0,2951221886.0,0.0001858087759736917,1,-2.7414321203084735,-6.0235500850857715
FIM Capital Ltd,482072225.0,750817683.0,1141610384.0,1524198061.0,1884908888.0,2318596168.0,3472690067.0,3564572176.0,3662378921.0,3337005935.0,2913263646.0,0.0001834189271636197,1,-12.698277954965642,19.70899036512359
Fisher Dugmore Securities (Pty) Ltd,0.0,0.0,0.0,0.0,0.0,829275376.0,1395588814.0,1409559368.0,1649612214.0,2126628549.0,2907893156.0,0.00018308080139340475,1,36.737238732517376,inf
Financial Fitness Portfolios (Pty) Ltd,0.0,528479779.0,701772644.0,853032353.0,1196666194.0,1748552205.0,2017810724.0,1949112840.0,2189342695.0,2420978330.0,2849364587.0,0.00017939584574267202,1,17.694758011320168,inf
Sands Capital Funds PLC,0.0,0.0,0.0,0.0,0.0,0.0,1245127480.0,1108240764.0,1939461209.0,2521141207.0,2844482100.0,0.00017908844461587736,1,12.825179807550535,inf
Synergy Multi Managers (Pty) Ltd,0.0,0.0,0.0,0.0,1028047594.0,1194252960.0,1600766884.0,1682980185.0,2052382866.0,2340985079.0,2840308163.0,0.00017882565376011679,1,21.32961412181644,inf
Southern Charter Fund Managers,1430254439.0,1455051105.0,1573207049.0,1365452503.0,1487287060.0,1518190909.0,1979654956.0,2004024430.0,2176789529.0,2402580461.0,2808492785.0,0.0001768225592210841,1,16.89484829286638,6.980839315257148
Saffron Wealth (Pty) Ltd,895815834.0,807978740.0,829207077.0,712826026.0,1208965139.0,1757740075.0,1331276759.0,1759799435.0,3474852508.0,2544888422.0,2725422653.0,0.00017159246804423486,1,7.093993962144718,11.769037927735514
Prime Collective Investment Schemes Management Company (RF) (PTY) LTD,0.0,0.0,0.0,502350781.0,495125306.0,421258348.0,520904152.0,911382128.0,1605095401.0,1617180916.0,2712194897.0,0.00017075964921658312,1,67.71128512377275,inf
Northstar Asset Management (Pty) Ltd,197452456.0,69038381.0,350808428.0,590445799.0,903636495.0,1512850293.0,1906122074.0,1677151304.0,1785148510.0,2164690133.0,2703864238.0,0.00017023515136056384,1,24.90768063199742,29.912887043045977
Independent Securities (Pty) Limited,0.0,25023171.0,232806789.0,222186911.0,1345149928.0,1583595618.0,1746902216.0,1444746039.0,2034808734.0,2483361544.0,2678312638.0,0.00016862642395762216,1,7.8502904448616295,inf
Quantum Fund Managers (Pty) Ltd,729932712.0,592193287.0,252329348.0,161018590.0,2647612637.0,2729341938.0,2675938547.0,2419002366.0,2543844845.0,2689420697.0,2664014312.0,0.00016772620209862339,1,-0.9446787194112183,13.8217799037349
PGIM,0.0,335496460.0,421228050.0,403322846.0,511030516.0,1511521182.0,2971578766.0,1379991737.0,1075711508.0,1298772656.0,2599683633.0,0.00016367594590499385,1,100.16464167074366,inf
Mianzo Asset Management,0.0,0.0,0.0,0.0,17293371.0,90213179.0,139509314.0,257750110.0,397839488.0,378168675.0,2585231585.0,0.00016276604571689496,1,583.6186484774288,inf
FedGroup Management Company,484748680.0,600281900.0,626041733.0,587309785.0,1104015037.0,1558242370.0,1107399083.0,1576616690.0,1699690681.0,1955903042.0,2585188124.0,0.00016276330941460235,1,32.17363378894933,18.221795709105404
Obsidian Capital (Pty) Ltd,657264981.0,873351017.0,1052015327.0,943011426.0,1069468817.0,1081010975.0,1387843387.0,1562356452.0,1708878580.0,2084850502.0,2526299590.0,0.00015905569038624946,1,21.174136350616845,14.4127530163783
Morningstar Investment Management South Africa,0.0,0.0,0.0,0.0,0.0,0.0,0.0,0.0,0.0,2081206831.0,2474898777.0,0.00015581949788141298,1,18.916521901421724,inf
Star Investment Partners,0.0,0.0,0.0,0.0,692482522.0,1039938576.0,1350195990.0,1591141700.0,1898558337.0,2030733352.0,2427244282.0,0.00015281917336240646,1,19.525504400146374,inf
Assetbase International (Pty) Ltd,43939612.0,726566211.0,1023051502.0,1052512905.0,1221311301.0,1291789551.0,1507062604.0,1504561234.0,1714070217.0,2013000664.0,2414822009.0,0.0001520370677024117,1,19.961312094231886,49.28043460381419
Flagship Asset Management,1541830540.0,1586912598.0,1446827638.0,1346346273.0,1557650174.0,1543632986.0,1816421502.0,1718303067.0,1885554814.0,2177714781.0,2364813103.0,0.0001488885095896777,1,8.591498006643693,4.370080378534258
OMBA Advisory & Investments Ltd,0.0,0.0,0.0,0.0,374532999.0,580579436.0,1082984245.0,1450296370.0,1963234983.0,2194056457.0,2301613561.0,0.0001449094697225554,1,4.902203115915538,inf
PIM Capital (Guernsey) limited,1247659369.0,1304803570.0,1358622783.0,1434527825.0,1628625691.0,1954929203.0,2445113399.0,2061516555.0,2355859389.0,2480309124.0,2297633979.0,0.00014465891544745507,1,-7.365015240737383,6.296381650923566
Custodian (Pty) Ltd,263151798.0,290154696.0,291658357.0,269291401.0,396815470.0,560876526.0,825108047.0,722057603.0,726242064.0,1658441753.0,2255970559.0,0.00014203578869788683,1,36.0295322352512,23.968888854965485
Lynx Fund Managers (Pty) Ltd,369908756.0,999892118.0,1053478763.0,1098675072.0,1219107069.0,1666267977.0,1913631958.0,1727684278.0,1865804877.0,2052994305.0,2228107680.0,0.00014028154328968743,1,8.529657124402013,19.669687355668252
Artisan Partners Limited Partnership,0.0,0.0,0.0,0.0,0.0,0.0,0.0,0.0,0.0,0.0,2203803243.0,0.00013875133720415975,1,inf,inf
Providence Investment Partners,59812898.0,496058886.0,542461501.0,654293300.0,788725998.0,905301688.0,1129980516.0,960262117.0,2053967544.0,2709183635.0,2180426976.0,0.00013727956865340827,1,-19.517195223276186,43.27640308948624
Salvo Investment Managers (Pty) Ltd,0.0,0.0,411623452.0,641415624.0,454170535.0,743477096.0,1019888132.0,1224271369.0,1417704500.0,1794551082.0,2178916117.0,0.00013718444504959166,1,21.418450489112352,inf
Affinity Capital Management (Pty) Ltd,0.0,4068022.0,11514804.0,16958802.0,686492506.0,606153716.0,1401365791.0,1237980502.0,1468244222.0,1605780661.0,2177224508.0,0.00013707794143520496,1,35.58666889437647,inf
Woodland Asset Management (Pty) Ltd,0.0,0.0,0.0,0.0,0.0,0.0,0.0,644662289.0,1147627166.0,1538603850.0,2170898463.0,0.0001366796539720425,1,41.09534842253255,inf
Premier Fund Managers Limited,0.0,0.0,0.0,0.0,0.0,0.0,0.0,0.0,0.0,0.0,2160159199.0,0.00013600351047088309,1,inf,inf
Sage Multi Managers (Pty) Ltd,0.0,0.0,0.0,0.0,0.0,0.0,0.0,1523031272.0,1693974781.0,1830926369.0,2159419131.0,0.00013595691582821335,1,17.94134202018258,inf
Cordatus Capital (Pty) Ltd,604301331.0,756465316.0,804769890.0,845260139.0,969024742.0,1112174890.0,1481258797.0,1367348835.0,1653627996.0,1797692716.0,2110600799.0,0.00013288331619240565,1,17.40609394559065,13.322267206248185
PPS Multi-Managers (Pty) Limited,0.0,0.0,0.0,0.0,0.0,347496841.0,674540777.0,820324876.0,1203672139.0,1607640955.0,2090475034.0,0.0001316161990779915,1,30.03370108843737,inf
Octagon Asset Managers,0.0,1268515752.0,1415088078.0,1462259022.0,1521831942.0,1424991269.0,1504324354.0,1615800808.0,1735883671.0,1866219096.0,2084499891.0,0.00013124000438644205,1,11.696418468113245,inf
Point Capital Management (Pty) Ltd,0.0,0.0,0.0,0.0,0.0,0.0,0.0,1093745518.0,1977600557.0,2326062618.0,2042251306.0,0.00012858003567900258,1,-12.201361640213593,inf
BlueAlpha Investment Management Pty Ltd,1040196913.0,783790953.0,565716075.0,870860098.0,1414975383.0,2180444697.0,3036563369.0,2536668179.0,2446065223.0,2545288578.0,2029377596.0,0.00012776950756903985,1,-20.269253021415157,6.9115756304356735
Bartizan Capital,0.0,0.0,0.0,0.0,0.0,0.0,0.0,9678.0,527701983.0,1343474844.0,2025010698.0,0.00012749456789878626,1,50.72933498113197,inf
Aeon Investment Management,66274222.0,71898827.0,82965028.0,86732851.0,393901459.0,746332008.0,1167679222.0,1165095283.0,1664261632.0,1567012553.0,1984475936.0,0.00012494250139801456,1,26.6407172170241,40.48505307284091
Stenham Asset Management (UK) plc,1387298029.0,2393373064.0,1002893165.0,639086350.0,888942813.0,1862739758.0,2268754489.0,1746468228.0,2144529826.0,2624290299.0,1968327861.0,0.00012392581943847946,1,-24.995803179623767,3.5601729503195623
PanAgora Asset Management,0.0,0.0,0.0,721477689.0,888912692.0,286962181.0,155691236.0,420314194.0,782889795.0,1348956576.0,1938104482.0,0.00012202295707343024,1,43.67434181958427,inf
Noble Private Portfolios,2545822014.0,2740368791.0,2815362255.0,2661201680.0,2740487862.0,2559888268.0,2280803345.0,2038227520.0,1982131588.0,1874903467.0,1883449608.0,0.00011858188905780209,1,0.45581765410431796,-2.968533154829378
Interactive Portfolios (Pty) Ltd,0.0,0.0,0.0,0.0,0.0,0.0,0.0,92604345.0,542474065.0,845488538.0,1792023711.0,0.00011282571935248336,1,111.95127201121204,inf
Celtis Financial Services,744937775.0,1080685590.0,1111450772.0,1077878968.0,1080435801.0,1258048662.0,1511970367.0,1438006392.0,1472599200.0,1613873471.0,1765548945.0,0.0001111588694663444,1,9.398225866245745,9.012418905166285
Amity Investment Solutions (Pty) Ltd,1408941389.0,905667825.0,983807322.0,891170631.0,875720154.0,890515443.0,1147370805.0,1104816282.0,1151523300.0,1565016848.0,1738187211.0,0.00010943617612119966,1,11.065079792674549,2.1222470636692803
Analytics,1452726026.0,1267026276.0,1385456701.0,1258940925.0,1284306330.0,1280796267.0,2398290040.0,2049830530.0,1947226401.0,1993526134.0,1728502320.0,0.0001088264158891123,1,-13.294223209817224,1.7533286011265137
Sequoia Capital Management (Pty) Ltd,0.0,0.0,0.0,253927509.0,374657224.0,602388730.0,730165127.0,847426998.0,1168366375.0,1289819836.0,1712154405.0,0.00010779715201360309,1,32.74368692528,inf
CS Asset Management,567547365.0,570627317.0,659992467.0,641548655.0,725052944.0,859120917.0,1089006892.0,1076307749.0,1208295420.0,1398889745.0,1707092500.0,0.0001074784547388889,1,22.031954705622645,11.64145662942413
Dinamika Fonds Bestuurders (Pty) Ltd,608105227.0,654243574.0,661963542.0,654303035.0,721471178.0,901886484.0,1181014577.0,1182493391.0,1351876781.0,1557412708.0,1702602048.0,0.00010719573611524128,1,9.322470482884992,10.84431950271254
ID Capital (Pty) Ltd,0.0,0.0,82968197.0,328482504.0,715900317.0,1197414838.0,1856702254.0,1921112381.0,1738283501.0,1580886974.0,1697890202.0,0.00010689907853690408,1,7.401112788218844,inf
Weaver Investment Management,0.0,0.0,0.0,0.0,0.0,615550332.0,739996535.0,736774375.0,949221774.0,1329296503.0,1606783457.0,0.0001011630026248548,1,20.87472233423908,inf
Stylo Investments (Pty) Ltd,0.0,2160653.0,60165672.0,67219541.0,105680093.0,134305587.0,217185596.0,466674665.0,605043683.0,1293575623.0,1594462166.0,0.00010038725478631166,1,23.260065948227915,inf
GraySwan Financial Services (Pty) Ltd,0.0,0.0,163723857.0,269917242.0,386683642.0,384460970.0,575060546.0,712616328.0,961944196.0,1324860572.0,1571742905.0,9.89568512990434e-05,1,18.6345897989332,inf
Brenthurst Capital,0.0,78179038.0,665848303.0,953733929.0,941403647.0,934751748.0,1249466933.0,1025498874.0,1187523649.0,1347436373.0,1562863769.0,9.839782135971882e-05,1,15.987945725434273,inf
Citrine Fund Managers,0.0,0.0,0.0,0.0,0.0,0.0,0.0,0.0,0.0,664829006.0,1559682439.0,9.819752498889271e-05,1,134.5990359812911,inf
Argon Asset Management,133980462.0,601251671.0,910004333.0,430616761.0,458947681.0,614159653.0,646828815.0,712590519.0,992106082.0,876444761.0,1556449333.0,9.799396880380783e-05,1,77.58670052681165,27.79367270922888
Peregrine Capital International IC Ltd,0.0,0.0,0.0,0.0,0.0,383605239.0,1175029383.0,1246821732.0,1574366119.0,1932517836.0,1522998542.0,9.588790874761665e-05,1,-21.190970989827385,inf
UBP Asset Management (Europe) S.A.,0.0,0.0,0.0,0.0,0.0,2528981206.0,2650393214.0,1592528260.0,1457940850.0,1822704279.0,1517441077.0,9.553801104115643e-05,1,-16.747818366206847,inf
Excelsia Capital (Pty) Ltd,0.0,0.0,188135523.0,136698768.0,97728930.0,97887239.0,99210121.0,77944766.0,692498324.0,892566955.0,1516697316.0,9.549118388739934e-05,1,69.9253268904628,inf
AssetMix Solutions,108323844.0,310517348.0,319730651.0,309039402.0,365188303.0,434012301.0,531901405.0,703726460.0,940166967.0,1250899735.0,1506658070.0,9.485911348299913e-05,1,20.445950050505047,30.11550867655195
Atomos Investments Limited,283414227.0,1127218129.0,1956186099.0,2035015615.0,2262149085.0,3318853396.0,3766852219.0,2989008467.0,0.0,1966536322.0,1500702054.0,9.448412302637179e-05,1,-23.688058175617055,18.13736583296066
Umbra Capital Partners,0.0,0.0,0.0,0.0,0.0,0.0,0.0,230276979.0,941815627.0,927300459.0,1499144400.0,9.438605321179651e-05,1,61.66760033923373,inf
Zazove Associates LLC,0.0,262190556.0,380786788.0,572338152.0,575027347.0,674502376.0,1161956915.0,1230578754.0,1442558159.0,1535911365.0,1487894401.0,9.367775386168277e-05,1,-3.126284829593662,inf
Driehaus Capital Management LLC,2016819602.0,1055642194.0,971170934.0,1142987200.0,1334688278.0,1964114764.0,2381405320.0,1475105262.0,0.0,1732448259.0,1472818080.0,9.272854947807294e-05,1,-14.986316483117545,-3.094549400873148
Autus Fund Managers (Pty) Ltd,1721978526.0,1384961323.0,1240949686.0,1069456152.0,1034476736.0,1107321929.0,1256794006.0,1141269287.0,1283523453.0,1405541514.0,1450846820.0,9.134524009474054e-05,1,3.2233346044021616,-1.6986724243598261
AE Investment Managers (Pty) Ltd,0.0,0.0,0.0,0.0,0.0,0.0,0.0,0.0,0.0,0.0,1431310519.0,9.011523560301335e-05,1,inf,inf
Gradidge-Mahura Asset Management (Pty) Ltd,0.0,0.0,0.0,0.0,0.0,0.0,454506965.0,593493212.0,711697687.0,949249203.0,1430243629.0,9.004806426427431e-05,1,50.671038172048895,inf
Omega Capital (Pty) Ltd,257308816.0,369355683.0,373583798.0,412647952.0,509407358.0,607376634.0,928749174.0,811304096.0,1017757962.0,1221386520.0,1412398989.0,8.892456666085109e-05,1,15.638986174499458,18.563298508953817
Orchard Investment Management,0.0,0.0,0.0,0.0,0.0,0.0,0.0,198373667.0,451825397.0,756413604.0,1408159290.0,8.865763543300138e-05,1,86.16260767303703,inf
Perpetua Investment Managers,199624104.0,249489935.0,738780890.0,799374561.0,669636052.0,587825602.0,897939700.0,1116718081.0,1359389167.0,1161329011.0,1400562601.0,8.817934828988998e-05,1,20.59998396096212,21.50914208536312
PIM Capital Ltd PCC,0.0,0.0,0.0,0.0,0.0,0.0,462216887.0,475423344.0,1072047519.0,1190494295.0,1317970456.0,8.297935114962356e-05,1,10.707834681391738,inf
High Street Asset Management (Pty) Ltd,0.0,0.0,73393616.0,167726865.0,363160014.0,543596217.0,598115144.0,354257295.0,571497187.0,968489222.0,1308132998.0,8.235998530717582e-05,1,35.06944303402892,inf
Oribi Capital Partners (Pty) Ltd,0.0,0.0,0.0,0.0,0.0,0.0,0.0,0.0,0.0,0.0,1307618651.0,8.232760204688993e-05,1,inf,inf
Cedar Lane Capital (Pty) Ltd,0.0,488667745.0,637370510.0,679433313.0,679302837.0,648724509.0,750814266.0,766856300.0,983750489.0,1165628962.0,1295989644.0,8.15954403728695e-05,1,11.183720227432037,inf
Rebalance Fund Managers,0.0,0.0,0.0,0.0,0.0,0.0,0.0,0.0,0.0,0.0,1278913289.0,8.05203139529639e-05,1,inf,inf
A S Sure Investment Services,1163662926.0,1056961454.0,1035627100.0,901645287.0,916169698.0,947532494.0,1065335573.0,1013858647.0,1059037395.0,1160757801.0,1272488716.0,8.011582317206177e-05,1,9.625687193637056,0.8980270530487777
Odyssey Capital Managers (Pty) Limited,0.0,0.0,0.0,123361818.0,182882002.0,482653676.0,765680706.0,867554544.0,1190642191.0,1336597136.0,1265383291.0,7.96684659847605e-05,1,-5.3279962287754,inf
Lodestar Fund Managers (Pty) Ltd,0.0,0.0,0.0,0.0,499005618.0,805315057.0,1047897876.0,1441856849.0,1561641758.0,1208634471.0,1263348957.0,7.95403844222542e-05,1,4.526967194203091,inf
Altinvest MultiAsset Fund Management,248537793.0,387830156.0,434141281.0,438257603.0,461935911.0,617537483.0,793872611.0,818432440.0,941622777.0,1037709193.0,1242530064.0,7.82296280051214e-05,1,19.737790932338783,17.460392252610003
Ginsburg & Selby Private Wealth,0.0,0.0,109059409.0,163930973.0,532490759.0,829842530.0,1039740286.0,867791226.0,1024385576.0,1094299128.0,1208957082.0,7.611587480994509e-05,1,10.477752477931235,inf
Nest Egg Capital (Pty) Ltd,0.0,0.0,141600289.0,228532847.0,343310835.0,423568295.0,559992531.0,478703337.0,652299382.0,904677812.0,1186897743.0,7.472701997736788e-05,1,31.195628682004205,inf
FVV Capital (Pty) Ltd,0.0,0.0,0.0,0.0,0.0,0.0,0.0,0.0,738379639.0,909758012.0,1159324305.0,7.2990997759428e-05,1,27.432162147311768,inf
Sentio Capital Managers,0.0,151408720.0,181412550.0,305606923.0,339713471.0,400227484.0,605055878.0,687037699.0,655088683.0,771146862.0,1155479500.0,7.274892903721618e-05,1,49.839097704841606,inf
Robert Cowen Investments,0.0,137368942.0,189595418.0,218956686.0,612777952.0,888917266.0,1027175367.0,653508831.0,863413066.0,1063203964.0,1154403089.0,7.268115825681387e-05,1,8.577763824063389,inf
Platinum Portfolios Global,199305615.0,207330490.0,339988374.0,391863928.0,564804667.0,621405997.0,798933644.0,739745450.0,910334357.0,1099019594.0,1144734539.0,7.207242685323399e-05,1,4.159611461849888,19.101854893079185
Jupiter Asset Management International S.A.,4019599546.0,1866284288.0,2438088168.0,2171615469.0,2029997935.0,2089729300.0,3057731102.0,1918034945.0,1986010080.0,1386615246.0,1115121196.0,7.020797232291844e-05,1,-19.579623892293473,-12.034185513393435
Steyn Capital Management,561000000.0,607266377.0,1887825887.0,1676791735.0,1426659736.0,1218986914.0,1522224609.0,1595855166.0,1558064153.0,611528288.0,1099607747.0,6.923124638323412e-05,1,79.81306320207382,6.961502028186262
Integrity Asset Management (Pty) Limited,0.0,14342486.0,182687369.0,211836316.0,551308737.0,926874557.0,1374836153.0,1315073731.0,1344019942.0,1089724735.0,1081556974.0,6.80947706568851e-05,1,-0.7495251541665748,inf
Prowess Investment Manager (Pty) Ltd,0.0,0.0,0.0,173280851.0,321333887.0,576434729.0,799576569.0,849173340.0,1052916386.0,823908349.0,1079734382.0,6.798002035965196e-05,1,31.05030229521317,inf
Deton Private Wealth (Pty) Ltd,349103750.0,420807378.0,456856376.0,438103119.0,521943437.0,594407004.0,817772141.0,796708529.0,836061257.0,956493950.0,1070430898.0,6.739427349238614e-05,1,11.91193608699772,11.856290390023316
Benguela Global Fund Managers,0.0,0.0,0.0,263959226.0,315759184.0,600781563.0,515951166.0,408487581.0,541848782.0,608318932.0,1061427854.0,6.6827442311846e-05,1,74.48542173597845,inf
Perspective Investment Management,0.0,0.0,5074501.0,26768459.0,114344876.0,177799931.0,371635603.0,522155652.0,666749501.0,930284374.0,1041742785.0,6.558807139460022e-05,1,11.981111810010914,inf
Dynasty Asset Management (South Africa),925761630.0,882298297.0,841194209.0,817069585.0,877271560.0,1163195559.0,1208198063.0,1068444864.0,1138560620.0,1126465415.0,1032645487.0,6.501530598713742e-05,1,-8.328700264623745,1.0986153391267406
Capital Link Partners (Pty) Ltd,0.0,0.0,0.0,0.0,0.0,0.0,0.0,0.0,0.0,0.0,1011397279.0,6.367751992000251e-05,1,inf,inf
Tresor Wealth (Pty) Ltd,782525838.0,745868179.0,644953175.0,554069487.0,606715503.0,677686728.0,806997313.0,751028703.0,842054918.0,918030056.0,1010928111.0,6.364798112719958e-05,1,10.119282521617134,2.5940462999200387
Delta 4 Financial Services,0.0,0.0,0.0,0.0,0.0,421197675.0,843627531.0,882387236.0,1004626700.0,955051577.0,991472194.0,6.242303760791865e-05,1,3.8134712173769847,inf
Bovest Capital (Pty) Ltd,301749431.0,319020933.0,339532073.0,309495046.0,341439821.0,420272019.0,598952759.0,619010174.0,673710643.0,769422716.0,988786950.0,6.225397478577112e-05,1,28.510236237943353,12.601876126617938
Harvard House Investment Management,295619739.0,312231584.0,364314951.0,448405768.0,357544769.0,391726385.0,521046826.0,546021524.0,605859824.0,731155761.0,938928537.0,5.911489170446573e-05,1,28.417033289299344,12.250920472236038
Plexus Wealth,713623067.0,753692633.0,721414415.0,583804527.0,535839543.0,442191608.0,573388671.0,571804493.0,732651061.0,796497343.0,937832141.0,5.9045862669506056e-05,1,17.74454105115577,2.769826491193106
ATON Wealth Solutions (Pty) Ltd,0.0,0.0,0.0,0.0,0.0,0.0,0.0,0.0,0.0,0.0,933583965.0,5.877839773017861e-05,1,inf,inf
Genera Capital (PTY) Ltd,0.0,0.0,0.0,0.0,0.0,0.0,182809314.0,429930640.0,600554381.0,596296879.0,930806629.0,5.860353680051564e-05,1,56.097853565991905,inf
4D Wealth Management,930583855.0,780129131.0,892389858.0,728427678.0,702155104.0,705207643.0,807036030.0,836070168.0,863417889.0,795358932.0,929995438.0,5.855246425747647e-05,1,16.927766896568897,-0.006324894759990318
Ordian Capital (Pty) Ltd,0.0,0.0,0.0,0.0,0.0,0.0,0.0,0.0,421978751.0,777875134.0,911781365.0,5.7405707171647016e-05,1,17.214360653415618,inf
Investhouse International (Pty) Ltd,0.0,0.0,219994466.0,296429840.0,338998289.0,424542916.0,571669763.0,560321945.0,633271824.0,881725187.0,878106794.0,5.528555793833072e-05,1,-0.41037650430644224,inf
ClucasGray (Pty) Ltd,0.0,0.0,0.0,0.0,0.0,0.0,0.0,0.0,981802786.0,1051345673.0,869173699.0,5.4723130743181246e-05,1,-17.327504994639376,inf
Quattro Fund Managers,289538463.0,396844427.0,467591359.0,450700027.0,521238487.0,557412879.0,726095221.0,755693232.0,791874238.0,735868994.0,863688432.0,5.4377778619034364e-05,1,17.369863255850127,11.548846528331902
Rozendal Partners (Pty) Ltd,0.0,0.0,0.0,912684447.0,1331550402.0,1471296404.0,1904947375.0,2083338917.0,2522777704.0,2659270964.0,839675532.0,5.286592768781683e-05,1,-68.424596689576,inf
Clearance Capital Limited,0.0,0.0,57126878.0,312898779.0,419918657.0,599897185.0,881685046.0,520927869.0,892287190.0,915427796.0,839110779.0,5.283037086840069e-05,1,-8.336759855170484,inf
HelfinÂ Private WealthÂ (Pty) Ltd,308427374.0,354947417.0,402983732.0,274189709.0,243041293.0,238638425.0,240184376.0,224987523.0,3434935.0,658993512.0,835812998.0,5.262274274868997e-05,1,26.831749141712336,10.483041238426804
Oakhaven Capital (Pty) Ltd.,0.0,0.0,0.0,230838142.0,725307614.0,529042324.0,553363296.0,560641073.0,550101424.0,694798406.0,831912049.0,5.2377139203167267e-05,1,19.734305924703,inf
Engelberg (Pty) Ltd,0.0,63273079.0,54598145.0,177887533.0,167676513.0,218893865.0,278195451.0,391120910.0,425603623.0,591828152.0,826340097.0,5.202632939594284e-05,1,39.625006719856074,inf
Wealthpoint Capital,0.0,0.0,0.0,0.0,0.0,0.0,0.0,214901117.0,351401648.0,644896840.0,821612115.0,5.1728655895887465e-05,1,27.402099690859096,inf
STRATEGIQ Capital,0.0,0.0,0.0,0.0,0.0,0.0,0.0,0.0,0.0,324966166.0,804206064.0,5.0632771833022516e-05,1,147.4737828552896,inf
Edge Asset Management (Pty) Ltd,0.0,82511861.0,79481867.0,86205883.0,104592497.0,412733068.0,482985629.0,487425529.0,532858455.0,632496869.0,799110441.0,5.0311951674787416e-05,1,26.342197118449295,inf
PFPS Asset Management (Pty) Ltd,393340117.0,414632522.0,449634469.0,440343905.0,502422251.0,507758839.0,602964926.0,600249879.0,633080960.0,681682450.0,796652298.0,5.0157187119751755e-05,1,16.86560186491526,7.312436880549411
Umthombo Wealth Pty Ltd,0.0,0.0,0.0,0.0,0.0,0.0,0.0,0.0,0.0,0.0,794735843.0,5.003652721293557e-05,1,inf,inf
Cartesian Capital (Pty) Ltd,80976516.0,55548760.0,87891717.0,206180149.0,231553945.0,270765316.0,320981130.0,421794839.0,543728527.0,563691092.0,788631125.0,4.96521744861462e-05,1,39.904840823704205,25.560050761116383
SA Asset Management,606412049.0,815382486.0,857514745.0,616321602.0,627769188.0,537107273.0,548744891.0,486200527.0,527815459.0,626159838.0,785554963.0,4.9458499487113345e-05,1,25.4559802987556,2.62209478424118
Red Oak Capital,0.0,85800880.0,153641139.0,272947776.0,308297738.0,355556122.0,485869721.0,497097743.0,545063805.0,604377495.0,783266512.0,4.9314418731544646e-05,1,29.5988878606408,inf
Protea Capital Management (Pty) Ltd,0.0,0.0,0.0,0.0,0.0,0.0,0.0,0.0,0.0,616600241.0,779156851.0,4.9055674689390704e-05,1,26.363371142438453,inf
Arnold du Bruin and Associates,1030144726.0,889193661.0,819831549.0,715426059.0,719923191.0,694090300.0,788976265.0,737842285.0,753916835.0,757839537.0,778029196.0,4.8984677589421845e-05,1,2.6641073755432787,-2.767877736663993
RisCura Invest (Pty) Ltd,0.0,0.0,0.0,0.0,0.0,2028553.0,91437101.0,498971939.0,579673029.0,622776868.0,777020022.0,4.892114004703169e-05,1,24.767001140446986,inf
Element,596679385.0,492610012.0,759974104.0,698521474.0,699306773.0,585020128.0,648973462.0,628463457.0,684747569.0,724752585.0,774966196.0,4.8791831269222315e-05,1,6.928379703537035,2.648869932237541
Sterling Private Client Asset Management (Pty) Limited,0.0,0.0,0.0,0.0,0.0,0.0,0.0,0.0,339640496.0,584067069.0,774355155.0,4.875336015974107e-05,1,32.57983476551731,inf
Capita Asset Management,45393371.0,25254760.0,27956567.0,91265291.0,160542035.0,174871114.0,281313385.0,418743017.0,440172844.0,560151102.0,772287518.0,4.862318184209224e-05,1,37.87128423787338,32.76348929095967
RSA Multi Asset Managers (Pty) Ltd,79543631.0,79724380.0,59654497.0,149591046.0,220492828.0,279176595.0,417964086.0,482293313.0,545225043.0,606551998.0,771755032.0,4.8589656551312684e-05,1,27.236417412642,25.51262303629318
Zeta Asset Management ICC Limited,0.0,0.0,0.0,0.0,307013419.0,426159180.0,579573722.0,559519320.0,707839486.0,844295371.0,755510492.0,4.7566901160410276e-05,1,-10.515855238533579,inf
Southern Right Capital SA,0.0,0.0,0.0,0.0,0.0,0.0,0.0,405092226.0,540989596.0,880238604.0,727448135.0,4.5800096627737884e-05,1,-17.357846873073523,inf
Northshore Capital (Pty) Ltd,0.0,0.0,0.0,0.0,0.0,0.0,0.0,0.0,0.0,576286717.0,711557938.0,4.4799650653628966e-05,1,23.472902812021612,inf
WellsFaber (Pty) Ltd,0.0,0.0,14728299.0,207547364.0,335767311.0,400374278.0,535959085.0,528456219.0,551011247.0,606707127.0,705022820.0,4.4388199965294095e-05,1,16.204802716945842,inf
Alpha Private Capital (Pty) Ltd,0.0,550660103.0,464410856.0,346692184.0,306935569.0,325038725.0,386229888.0,152791209.0,470434388.0,564619761.0,698413686.0,4.397208923346073e-05,1,23.696288058185754,inf
Vertu Capital Ltd,0.0,0.0,0.0,0.0,0.0,0.0,0.0,0.0,0.0,555478656.0,693490796.0,4.366214433589394e-05,1,24.845624311440684,inf
Thyme Wealth Management (Pty) Ltd,0.0,0.0,0.0,81086245.0,265746084.0,330429611.0,336188266.0,577415390.0,609924494.0,645869630.0,687893471.0,4.3309737045913256e-05,1,6.506551639531333,inf
Aboutir Wealth (Pty) Ltd.,316843550.0,72721364.0,210751073.0,205798940.0,209069359.0,274387221.0,398397491.0,371241273.0,495702468.0,581350357.0,675805819.0,4.25486991066209e-05,1,16.247596799876042,7.8692615445674186
Balondolozi Investment Services (Pty) Ltd,0.0,0.0,0.0,0.0,0.0,262381157.0,290544627.0,335958286.0,360837359.0,498575052.0,672462402.0,4.2338197746731066e-05,1,34.87686543930801,inf
Long Beach Capital (Pty) Ltd,70320621.0,139679866.0,186501693.0,212473176.0,364541942.0,538112053.0,638961668.0,316997752.0,455477410.0,538397830.0,663424160.0,4.176915050194725e-05,1,23.22192308984603,25.16152861067271
Mergence Investment Managers,366021946.0,258782517.0,284871038.0,292991513.0,193651150.0,199944856.0,210785540.0,389307036.0,399100850.0,576424550.0,656902975.0,4.1358577034565474e-05,1,13.96165812160499,6.022834373044184
Pangbourne Asset Management (Channel Islands) Limited,1269016756.0,1102677608.0,1062673870.0,845330828.0,704100785.0,673424721.0,752375578.0,699690472.0,976750736.0,666617376.0,652351024.0,4.1071986437086345e-05,1,-2.1401110312492033,-6.437590158862861
MM Asset Management Limited,0.0,0.0,175443686.0,198143427.0,234400191.0,216341242.0,287789757.0,289100863.0,451785457.0,549635621.0,639079044.0,4.023638326870183e-05,1,16.273221673163718,inf
Starfundsai,98758735.0,77102194.0,131051586.0,104726443.0,72399247.0,55002695.0,184390053.0,283048605.0,409628481.0,500847581.0,631242506.0,3.974299524506364e-05,1,26.034851708707762,20.382143408517805
Signature Private Clients,0.0,112981262.0,196609743.0,213111659.0,224241187.0,247690871.0,328517932.0,342016658.0,417810203.0,515339271.0,629087640.0,3.960732499412564e-05,1,22.072521036340742,inf
Dotport,412790700.0,378311851.0,582363988.0,677570931.0,677722239.0,599587427.0,570273436.0,496851367.0,400798855.0,620108399.0,627867551.0,3.9530508254339185e-05,1,1.2512573628276291,4.28307132645851
Wealthworks Investments (Pty) Ltd,200936305.0,220287251.0,238675791.0,246826727.0,328961187.0,340448962.0,425894607.0,456720613.0,491490861.0,553796920.0,622529134.0,3.9194401798530954e-05,1,12.411086359960244,11.972178271219924
Helfin Global Capital (Pty) Ltd,0.0,0.0,0.0,0.0,0.0,0.0,0.0,0.0,0.0,331456298.0,612152783.0,3.8541107280917916e-05,1,84.6858203309807,inf
Muhu Capital (Pty) Limited,0.0,0.0,0.0,0.0,0.0,0.0,214895667.0,201743816.0,257164452.0,503576578.0,586453000.0,3.6923050284027144e-05,1,16.45756089950634,inf
Opulence Asset Management,0.0,0.0,0.0,0.0,0.0,0.0,0.0,0.0,0.0,411166372.0,586214200.0,3.690801544848563e-05,1,42.57347874743025,inf
Capita Asset Management (Pty) Ltd,538508317.0,582791664.0,508374195.0,380000729.0,423997018.0,356571243.0,465159135.0,423788957.0,332874052.0,368842893.0,579239496.0,3.6468888448524504e-05,1,57.0423361797024,0.7317955127223996
Novare Investments Pty Ltd,402122416.0,497927249.0,1103930307.0,1177360066.0,435900625.0,447292968.0,494402984.0,437458870.0,410272217.0,404969125.0,569863218.0,3.587855847481643e-05,1,40.71769496007875,3.547885379404314
Fibonacci Asset Management,35851604.0,87114151.0,148969833.0,144143028.0,137467167.0,90102422.0,146046290.0,144700032.0,299956832.0,507200951.0,561199231.0,3.533307430530727e-05,1,10.646328618575485,31.662121183550006
MI Thornbridge Investment Funds,0.0,0.0,0.0,0.0,0.0,0.0,0.0,0.0,0.0,0.0,542637116.0,3.416440451331559e-05,1,inf,inf
Findotec (Pty) Ltd,0.0,0.0,0.0,0.0,0.0,0.0,0.0,0.0,0.0,426675624.0,540284498.0,3.4016283806774564e-05,1,26.62652085322783,inf
Baroque Financial Services,265503945.0,259214632.0,316975887.0,289285009.0,300815282.0,305836239.0,367606238.0,373592346.0,406657525.0,446263842.0,523121428.0,3.293569781499299e-05,1,17.22245424490385,7.017093855121748
Personal Wealth Management (Pty) Ltd,0.0,0.0,0.0,0.0,0.0,0.0,18200581.0,351917345.0,377777973.0,449605448.0,519727191.0,3.27219968305545e-05,1,15.596284100187319,inf
Nomura Asset Management U.K. Limited,0.0,0.0,0.0,0.0,0.0,0.0,400192004.0,394440794.0,700306389.0,942573445.0,518332946.0,3.2634215238093976e-05,1,-45.00874719635243,inf
Fund Wealth (Pty) Ltd,0.0,0.0,0.0,0.0,0.0,0.0,0.0,0.0,0.0,215663880.0,517832670.0,3.260271788723399e-05,1,140.11098659636468,inf
Simplisiti Asset Management,659530076.0,603516707.0,681023457.0,623576015.0,667288320.0,782696813.0,879473437.0,712933361.0,627939359.0,551139589.0,509472895.0,3.207638688937371e-05,1,-7.560098173241547,-2.54847317053003
Brantam Financial Services,80514878.0,84984838.0,69512837.0,62485882.0,53818716.0,87955287.0,379093650.0,340762812.0,409682358.0,450575930.0,506337359.0,3.187897370639847e-05,1,12.375589836767364,20.186692387052908
Guernsey International Fund Management,120124525.0,130257533.0,0.0,0.0,156587093.0,202478792.0,400064388.0,337243476.0,446776426.0,446304239.0,504892108.0,3.1787980778838995e-05,1,13.127338680733436,15.440098829163729
Baymont Wealth (Pty) Ltd,0.0,0.0,0.0,0.0,65828826.0,420556822.0,958241073.0,657895782.0,613053890.0,595280656.0,501594447.0,3.158036021432201e-05,1,-15.738157800981867,inf
Imalivest (Pty) Ltd,309366950.0,512173822.0,545034024.0,513182538.0,585832302.0,456260819.0,447022220.0,433457360.0,475662480.0,448661766.0,493585572.0,3.107612186215485e-05,1,10.012844731681469,4.782523649522585
Prime Investments ICC Limited,0.0,0.0,0.0,0.0,0.0,0.0,130983543.0,240765737.0,332317706.0,386432481.0,492706231.0,3.1020758598671155e-05,1,27.50124671844032,inf
Mazi Asset Management (Pty) Ltd,417988308.0,888009315.0,1967388034.0,2482724629.0,2455574578.0,2153904266.0,2590132023.0,2358534632.0,2470649613.0,2435320818.0,482336383.0,3.036787350959885e-05,1,-80.1941337898915,1.44218354820973
PIM Capital,0.0,0.0,0.0,0.0,94212069.0,171292151.0,247068443.0,213455164.0,368050255.0,473013685.0,466390668.0,2.9363932125106376e-05,1,-1.400174500236706,inf
Sequoia,0.0,0.0,0.0,0.0,0.0,0.0,172215944.0,207795587.0,305100452.0,388806494.0,463269602.0,2.916742997257622e-05,1,19.151714065763525,inf
Counterpoint Boutique Pty Ltd.,219378920.0,285564700.0,371701230.0,427504017.0,411650593.0,572351168.0,564369923.0,410024577.0,493560039.0,519362331.0,459307574.0,2.8917980896400083e-05,1,-11.563171492312174,7.669047556527864
Alusi Asset Management (Pty) Ltd,0.0,0.0,0.0,0.0,0.0,0.0,0.0,312381213.0,365519966.0,388833142.0,453669954.0,2.856303663532164e-05,1,16.674713391586348,inf
Alquity Investment Management Limited,2760041848.0,1680728376.0,1505912335.0,886473206.0,1005143261.0,1260262505.0,1385438058.0,916586002.0,0.0,573213648.0,446050214.0,2.8083298202452828e-05,1,-22.1842997708945,-16.66128332486714
Imalivest Asset Management,0.0,0.0,0.0,143121076.0,135456221.0,145998933.0,189713346.0,241340406.0,341658726.0,367083371.0,433922855.0,2.7319760312512033e-05,1,18.208257110072147,inf
Intellivest,0.0,0.0,0.0,0.0,173454279.0,187880246.0,235644924.0,280304872.0,414300598.0,442850964.0,427906943.0,2.6940998806849545e-05,1,-3.3745034367814952,inf
Public Investment Corporation,0.0,0.0,0.0,0.0,117949645.0,195926491.0,275976846.0,285373794.0,305697551.0,340904206.0,417852060.0,2.6307943897745135e-05,1,22.57169393797389,inf
M1 Capital Investments (Pty) Limited,107024163.0,230060733.0,249448151.0,61995122.0,69187087.0,101943587.0,120849321.0,113426492.0,302093305.0,331890921.0,397877856.0,2.5050369055983875e-05,1,19.882115124203704,14.03201350821246
Satrix Investments,0.0,0.0,0.0,0.0,0.0,0.0,0.0,0.0,0.0,0.0,391873433.0,2.4672330897161993e-05,1,inf,inf
RAVEN FUNDS (PTY) LTD,0.0,0.0,90697275.0,84665457.0,106025504.0,179139787.0,229209947.0,135757899.0,182519180.0,299223565.0,388213631.0,2.4441909954178355e-05,1,29.740326768715562,inf
Reitway Global (Pty) Ltd,783316888.0,716111093.0,645083468.0,558451996.0,708425964.0,897680570.0,1242534621.0,1459482546.0,1412883531.0,1166403524.0,386994246.0,2.4365137538195166e-05,1,-66.82158120777419,-6.8084142430998025
Steer Capital (Pty Ltd),0.0,0.0,0.0,0.0,0.0,83040602.0,171795950.0,175514712.0,285193951.0,326943997.0,370065574.0,2.3299309232264766e-05,1,13.189285442056908,inf
Investin Asset Management,0.0,0.0,0.0,0.0,0.0,0.0,0.0,0.0,0.0,152030464.0,366746655.0,2.3090350265176842e-05,1,141.23234603822561,inf
Rock Capital Management,65410816.0,64198140.0,48712657.0,35020157.0,32528718.0,66313294.0,185879087.0,236890723.0,255364959.0,233586586.0,346979273.0,2.1845796925745424e-05,1,48.5441775325232,18.15861631635989
FAL Invest,0.0,183336613.0,201374889.0,145572888.0,164304531.0,165821827.0,175220778.0,152218793.0,325608180.0,367395889.0,338693527.0,2.1324126789862966e-05,1,-7.812379740590947,inf
African Alliance Advisory (Pty) Ltd.,69663268.0,69117601.0,163427596.0,178827430.0,186821037.0,178416637.0,645264039.0,663366058.0,217778699.0,245902234.0,329434939.0,2.0741206572414864e-05,1,33.96988455176051,16.809074068501562
Saltlight Capital Management (Pty) Ltd,0.0,0.0,0.0,0.0,0.0,33044732.0,115246610.0,73725606.0,97164775.0,184764873.0,328592212.0,2.068814852446097e-05,1,77.8434432176943,inf
Definitive Asset Management Proprietary Limited,0.0,0.0,0.0,0.0,0.0,0.0,0.0,245791742.0,325502030.0,309829213.0,322433953.0,2.0300424859104897e-05,1,4.0682864853031075,inf
Caleo Capital,436372509.0,477109410.0,433817072.0,339766549.0,352537279.0,293509726.0,322988401.0,275967961.0,286170420.0,323433959.0,320456169.0,2.0175903681648317e-05,1,-0.9206794515971062,-3.0403307448005457
Pin Oak Capital (PTY) Ltd,0.0,0.0,0.0,0.0,0.0,0.0,0.0,0.0,0.0,0.0,315492005.0,1.9863360175194848e-05,1,inf,inf
Numoro (Pty) Ltd,0.0,0.0,0.0,0.0,0.0,0.0,0.0,0.0,171681020.0,241124860.0,310912654.0,1.9575044475145207e-05,1,28.94259596459694,inf
Auris Gestion,0.0,0.0,0.0,0.0,0.0,409604810.0,548557789.0,313219467.0,342411141.0,334834145.0,309119395.0,1.9462140982061733e-05,1,-7.679846988126016,inf
First Avenue Investment Managers,588770874.0,522475327.0,555369155.0,344151226.0,313886451.0,224236537.0,229812380.0,218550167.0,227214665.0,231456414.0,307503980.0,1.9360434537939916e-05,1,32.856106549719556,-6.289028041430633
Aureus Nobilis,0.0,238510854.0,230242397.0,194098758.0,231132737.0,241297894.0,271576894.0,272061990.0,258219163.0,284249407.0,301443070.0,1.897883996054503e-05,1,6.04879467699293,inf
Causeway Securities Limited,0.0,0.0,0.0,0.0,0.0,183284397.0,428619728.0,366468928.0,419154943.0,343442449.0,295768976.0,1.862159929832948e-05,1,-13.881065994844455,inf
Rowan Capital,0.0,88693824.0,121005536.0,122464062.0,134933592.0,135695352.0,197685885.0,213830619.0,226531690.0,254190716.0,278290662.0,1.7521165560754573e-05,1,9.481048867260755,inf
ETM Capital,0.0,0.0,0.0,0.0,0.0,0.0,0.0,0.0,0.0,0.0,272727337.0,1.7170898909000068e-05,1,inf,inf
Blue Quadrant Capital Management,409463143.0,463627631.0,92678073.0,73205653.0,77744954.0,56173822.0,121945525.0,173347211.0,235952446.0,270554879.0,269434811.0,1.6963601643815192e-05,1,-0.4139892077126395,-4.098833666361257
Private Capital Consult,0.0,0.0,0.0,0.0,0.0,0.0,0.0,0.0,149177182.0,205509599.0,266814139.0,1.6798604271418867e-05,1,29.830499547614806,inf
Pyxis Investment Management (Pty) Ltd,0.0,0.0,0.0,0.0,0.0,0.0,76610758.0,78970337.0,113263197.0,143377239.0,265794951.0,1.6734436248111155e-05,1,85.38155208861289,inf
Meago (Pty) Ltd,0.0,0.0,4909086.0,76815959.0,312681088.0,311289757.0,690604524.0,542768466.0,557697840.0,634395416.0,262732632.0,1.6541632803636097e-05,1,-58.585351442703356,inf
Destiny Asset Managers,482622613.0,426398475.0,383218676.0,318620554.0,301816188.0,271371343.0,285083334.0,261923276.0,257384143.0,258550587.0,261792425.0,1.6482437419967847e-05,1,1.2538505665817823,-5.933509591263542
Sterling Investments Management Ltd,0.0,0.0,0.0,0.0,0.0,0.0,24938595.0,61449836.0,111747067.0,171300471.0,254295402.0,1.601042524301674e-05,1,48.44991406941315,inf
Montrose Asset Management,299305632.0,283370697.0,260705003.0,207367741.0,208128789.0,221069457.0,238632078.0,226023468.0,225932255.0,228141046.0,234048111.0,1.4735656857982766e-05,1,2.5892162342413316,-2.4293888825487664
Independent Alternatives Investment Managers (Pty) Ltd,0.0,0.0,0.0,0.0,0.0,0.0,0.0,71199133.0,56582885.0,180061277.0,227562380.0,1.4327315572591313e-05,1,26.380521004524482,inf
Global & Local,0.0,0.0,0.0,0.0,1051959.0,81600973.0,89706268.0,45637882.0,9612769.0,171700910.0,222639406.0,1.4017365386388909e-05,1,29.666992446341723,inf
Bellamont Asset Management,0.0,0.0,0.0,0.0,0.0,0.0,0.0,0.0,0.0,0.0,220447804.0,1.3879382238807475e-05,1,inf,inf
Baobab Investment Management (Pty) Ltd,0.0,0.0,0.0,44519838.0,65619852.0,63793445.0,96942164.0,133852822.0,158489213.0,182871068.0,218521596.0,1.375810828362011e-05,1,19.49489790260317,inf
Community Growth Mgmt Co,468562477.0,465476812.0,346109933.0,90941323.0,92413089.0,89853226.0,200164121.0,209386595.0,199273746.0,171602182.0,213259668.0,1.3426817571261354e-05,1,24.275615562976927,-7.569751171258321
Metope Investment Managers (Pty) Ltd,5094923.0,31973989.0,162186179.0,95781350.0,121796688.0,66889654.0,95388810.0,115173679.0,122385114.0,155955358.0,206882398.0,1.3025304984771356e-05,1,32.65488320061436,44.83002033797896
Rexsolom (PTY) Limited,0.0,0.0,0.0,0.0,70634204.0,101425815.0,130006944.0,105622725.0,135314159.0,158503018.0,201803869.0,1.2705561063884449e-05,1,27.318628721631022,inf
Cohesive Capital (Pty) Ltd,41994400.0,85132619.0,102718515.0,102370079.0,106327135.0,97328441.0,152844721.0,151088378.0,152780397.0,169581951.0,182691787.0,1.1502265378265225e-05,1,7.730678838575211,15.838457094968517
Lunar Capital,0.0,51130200.0,58194274.0,56051276.0,61678749.0,75581291.0,130036655.0,116743314.0,161501370.0,184990452.0,174079650.0,1.0960045682050983e-05,1,-5.898035213190356,inf
Tempo Fund Managers (Pty) Ltd,0.0,0.0,0.0,0.0,0.0,0.0,0.0,0.0,0.0,0.0,166480498.0,1.0481603468588072e-05,1,inf,inf
Edgestone Asset Management (Pty) Ltd,0.0,0.0,0.0,0.0,1989855.0,57373703.0,80679674.0,32601794.0,37035142.0,28573604.0,141139477.0,8.886134108500242e-06,1,393.95056010435366,inf
Korner Perspective,0.0,0.0,0.0,20948552.0,33297942.0,32528342.0,49642449.0,76810389.0,97520553.0,118246686.0,139740327.0,8.798043697495615e-06,1,18.17695000771522,inf
Edify Fund Managers (Pty) Ltd,0.0,0.0,0.0,0.0,0.0,0.0,0.0,0.0,0.0,0.0,133129851.0,8.381848473412262e-06,1,inf,inf
UBAM,0.0,0.0,46978434.0,49450490.0,281622567.0,369988054.0,429156163.0,357969733.0,111355093.0,127532137.0,132053702.0,8.314094188516277e-06,1,3.545431846719538,inf
Martello Asset Management Limited,0.0,0.0,0.0,0.0,0.0,0.0,0.0,58810950.0,80464039.0,122644687.0,131821775.0,8.299492076696193e-06,1,7.482662498050163,inf
Integral Asset Management,0.0,153534634.0,177342811.0,154686800.0,144004915.0,128673983.0,143984917.0,129293039.0,133171295.0,120438628.0,129279293.0,8.139417542620599e-06,1,7.340389995143415,inf
Pinnacle Wealth Management (Pty) Ltd,152184882.0,33407712.0,50551255.0,51091775.0,51451586.0,51005481.0,65134182.0,66278917.0,74521414.0,89311089.0,127283951.0,8.013790914400041e-06,1,42.51752209627631,-1.770889000132847
Consilium Capital SA,259965020.0,192775939.0,47662933.0,75985815.0,89460397.0,111643020.0,126653389.0,101983967.0,120418429.0,134553427.0,126871803.0,7.987842097822309e-06,1,-5.708976851254777,-6.9224336054167335
Oyster Catcher Investments (Pty) Ltd,0.0,0.0,0.0,0.0,0.0,0.0,0.0,19332604.0,22222046.0,32355207.0,124256358.0,7.823173817073285e-06,1,284.0382106039377,inf
Contrarius Investment Services,0.0,0.0,0.0,0.0,0.0,0.0,0.0,0.0,0.0,69423680.0,122939035.0,7.740235229719642e-06,1,77.08516027960488,inf
Aurora Capital SA (Pty) Ltd,0.0,0.0,0.0,0.0,0.0,0.0,0.0,13763529.0,87197240.0,102365421.0,119465950.0,7.5215699793147496e-06,1,16.70537651576698,inf
Foster Wealth Management (Pty) Ltd,233576498.0,216372307.0,188689995.0,156704387.0,152958102.0,141774710.0,139242000.0,134201189.0,142572684.0,138446573.0,114616215.0,7.216230916731377e-06,1,-17.21267452391183,-6.871696413180439
Median Asset Management Cc,0.0,158164426.0,151066709.0,113055892.0,64513926.0,59288942.0,67373166.0,57164598.0,60711258.0,85073598.0,113115818.0,7.12176599988893e-06,1,32.96230635502215,inf
MSM Property Fund,0.0,0.0,55604474.0,42453966.0,86382837.0,111127797.0,146307876.0,135712681.0,95111577.0,85659628.0,112956083.0,7.111709092622501e-06,1,31.866184382682583,inf
Lima Mbeu Investment Managers,0.0,0.0,0.0,0.0,1707882.0,140497191.0,95983714.0,83870881.0,68608600.0,76939901.0,108094260.0,6.805608970189775e-06,1,40.49181061462504,inf
Khumo Capital (Pty) Ltd,0.0,0.0,0.0,0.0,0.0,0.0,0.0,0.0,0.0,81508008.0,90320478.0,5.686572582749798e-06,1,10.81178428504841,inf
SouthernCross Capital,0.0,0.0,0.0,0.0,0.0,0.0,0.0,0.0,38451615.0,64023516.0,88560605.0,5.575771070484533e-06,1,38.3251194764124,inf
Galileo Capital,0.0,0.0,0.0,0.0,0.0,0.0,0.0,0.0,0.0,30000195.0,84318234.0,5.3086716136542355e-06,1,181.05895311680476,inf
Legacy Africa Fund Managers (Pty) Ltd,0.0,0.0,0.0,0.0,0.0,0.0,75939683.0,129140117.0,109670723.0,109668526.0,77670387.0,4.8901235133605735e-06,1,-29.177139665394968,inf
Iza Capital Partners (Pty) Ltd,0.0,0.0,0.0,0.0,0.0,113749012.0,328898144.0,245280545.0,235013587.0,164235771.0,76504630.0,4.816727513459547e-06,1,-53.417803238491814,inf
AnBro Capital Investments,0.0,0.0,0.0,0.0,0.0,33773826.0,88414032.0,61560995.0,70092012.0,75640009.0,64392212.0,4.054130308099261e-06,1,-14.870168775363313,inf
Cratos Asset Management (Pty) Ltd,17102522.0,17594393.0,15511467.0,11625012.0,33231638.0,27138521.0,35910621.0,33744340.0,47923253.0,63772400.0,61368658.0,3.8637675060017845e-06,1,-3.769251274846175,13.628859289699324
BIFM Unit Trust (Proprietary) Limited,0.0,0.0,0.0,0.0,0.0,4044002.0,8817978.0,13167924.0,25149956.0,41786594.0,60770836.0,3.826128664070892e-06,1,45.43141754984865,inf
Colourfield Liability Solutions,38281320.0,74976928.0,75570216.0,49095571.0,53360774.0,68076953.0,57807405.0,63674966.0,38852283.0,36869363.0,58253840.0,3.667658727225663e-06,1,58.00066846828897,4.287862314905189
Remo Asset Management (Pty) Ltd,0.0,0.0,0.0,0.0,0.0,0.0,0.0,0.0,0.0,0.0,52266798.0,3.290714875256993e-06,1,inf,inf
Strategic Capital Partners,0.0,0.0,0.0,0.0,0.0,0.0,0.0,0.0,0.0,0.0,45500164.0,2.864687951640595e-06,1,inf,inf
Peregrine Capital (Proprietary) Limited,0.0,0.0,0.0,0.0,0.0,0.0,18507257.0,18559211.0,24909110.0,35214198.0,39617022.0,2.494285638251334e-06,1,12.502979622026311,inf
Universum Wealth (Pty) Ltd,0.0,0.0,0.0,0.0,0.0,0.0,0.0,0.0,0.0,0.0,37422770.0,2.3561356468081542e-06,1,inf,inf
Sentio Capital Management (Pty) Ltd,0.0,0.0,0.0,0.0,0.0,0.0,0.0,0.0,2394084.0,4924680.0,33863239.0,2.132027760753256e-06,1,587.6231349041968,inf
Florin Capital Management,0.0,0.0,0.0,0.0,0.0,0.0,0.0,4348235.0,4696074.0,17495642.0,18936052.0,1.192212846002924e-06,1,8.232964529109598,inf
Wealthvest Investment Management (Pty) Ltd,0.0,0.0,0.0,0.0,0.0,0.0,0.0,0.0,0.0,0.0,16413898.0,1.033418161746794e-06,1,inf,inf
Maestro Investment Management (Pty) Ltd,62901849.0,71504534.0,56255146.0,20236994.0,48280146.0,38981435.0,34913843.0,16847677.0,16179000.0,15286325.0,15875016.0,9.994901791409293e-07,1,3.8510956688412756,-12.862503962427796
Constellation Asset Management,0.0,0.0,0.0,26110435.0,69372813.0,73368893.0,79654885.0,61398877.0,8524305.0,9087457.0,10532035.0,6.630963741308064e-07,1,15.896394337821906,inf
TBI Investment Managers (Pty) Ltd,0.0,0.0,0.0,0.0,0.0,0.0,0.0,0.0,264121757.0,245073272.0,7343942.0,4.6237420517753147e-07,1,-97.00336885370348,inf
Standard Bank Namibia UT Mgmt,0.0,0.0,0.0,0.0,0.0,0.0,933596.0,4097484.0,5846897.0,4468038.0,4738075.0,2.983089548088115e-07,1,6.043748956477102,inf
Differential Capital (Pty) Ltd,0.0,0.0,0.0,0.0,1012239.0,1807731.0,3855422.0,90098391.0,2220169.0,2853879.0,4624129.0,2.9113492059351413e-07,1,62.029609524440254,inf
Nomura,0.0,0.0,0.0,0.0,0.0,0.0,0.0,0.0,0.0,0.0,962831.0,6.061978952792489e-08,1,inf,inf
